2017-08-29 12:45:11,#Ajio buy 5 t shirt @ 70% off 3 t shirt @ 60% off Grab this one now https://t.co/RkCST5uT3M
2017-08-29 11:50:07,"Flat 70% Off on Clothing, Footwear &amp; Accessories at #Ajio along with 20% #Cashback on your shopping visit &gt;&gt; https://t.co/l8bM4wAt7r"
2017-08-29 11:32:21,RT @AJIOLife: Here‚Äôs activewear that makes sweat look good! Shop now and get up to 60% Off on @PerformaxIndia : https://t.co/JXPrf9GDie #Do‚Ä¶
2017-08-28 22:24:18,Ajio coupons: Get Rs.400 off on purchase above¬†Rs.1990 https://t.co/4ybOfJKCil https://t.co/4bPKeenwoJ
2017-08-28 17:02:50,RT @couponzguru: For The Fashion Frenzy. Get Extra 40% Off On Top #Fashion Brands @AJIOLife. Get Coupon Here - https://t.co/eBVOUHTWce http‚Ä¶
2017-08-28 15:08:04,Buy 3 at 60% Off or Buy 5 at 70%Off on Tee To Tango Clothing - Ajio https://t.co/16EjtRku8K
2017-08-28 15:00:21,AJIO Top Brands Clothing &amp; Footwear Extra 40% Off on Rs. 2999 https://t.co/szLOLmc679
2017-08-28 15:00:19,"Ajio Tees Buy 3 Get 60% off, Buy 5 Get 70% off ‚Äì Ajio Tees to Tango Offer https://t.co/HKVJxt8YFo"
2017-08-28 14:51:01,AJIO Graphic Print T-shirt @¬†Rs.300 https://t.co/TItgcC0frv https://t.co/IOYog7qZRH
2017-08-28 12:07:55,"Get the best offers on headphones at @AJIOLife +Get 9% Klippd cashback frm https://t.co/9V0nR9SZjT
#CanvasInfinity‚Ä¶ https://t.co/q54BFlKigD"
2017-08-28 12:04:04,Buy 5 at 70% Off on AJIO Printed Crew-Neck T-shirt - Ajio https://t.co/oBZGYxz4En
2017-08-28 12:02:12,AJIO Printed Crew-Neck T-shirt @¬†Rs.250 https://t.co/yfZJ5e9VmX https://t.co/gX9eSClSZh
2017-08-28 11:21:07,# Get Rs.400 off on purchase above Rs.1990. Use coupon code FIRE at https://t.co/GxudfGHgL8
2017-08-28 08:36:54,Download and run the app AJIO Online Shopping App: https://t.co/XRivuAndIc
2017-08-28 08:33:17,I liked a @YouTube video https://t.co/TQGbuBFYRd Ajio Shopping Haul - Try On and My Experience
2017-08-28 07:46:34,Download and run the app AJIO Online Shopping App: https://t.co/zJJGAEWMM2
2017-08-28 04:58:57,Download and run the app AJIO Online Shopping App: https://t.co/1MGtYiiqIv
2017-08-28 03:35:49,I liked a @YouTube video https://t.co/155fn87akf FUSION OUTFIT IDEAS 2017! | https://t.co/bKbKDkfxat
2017-08-27 18:50:49,@myntra @amazon @ajio @mytra sent pakage aftr a mnth nd didnt delivr. #HenryandSmith #ajio is even bettr dan‚Ä¶ https://t.co/Hn9kV79xZS
2017-08-27 18:41:16,"Someone bought new sneakers! 
AJIO is really good. Everything from customer service to packaging‚Ä¶ https://t.co/fbdaBDvEdz"
2017-08-27 18:35:52,"@myntra delivery guy behved rudly nd canclld my order. Nw de suggest to reorder. @amazon delivers, even @ajio delivers. Bt @myntra ka ‡§†‡§∏‡§ï ‡§π‡•à"
2017-08-27 13:39:23,FUSION OUTFIT IDEAS FOR 2017|| AJIO: https://t.co/tJKuAL6Im9 via @YouTube
2017-08-27 11:20:09,#Ajio printed t-shirt @ 70% off Grab this offer here &gt;&gt; https://t.co/UUIPiSKCgP
2017-08-27 07:21:41,Select from a range of #handpicked #fashion items at #Ajio. Make #Ajio your styling partner. Grab #bestdeals at https://t.co/rk7FfODtHo
2017-08-26 17:34:08,"#colourblocked #sneakers from #knottyderby !
Now available on #Ajio !
#stayyoung #staynaughty https://t.co/Nwvx0ryLiJ"
2017-08-26 06:34:13,Ajio Shopping Haul ‚Äì My¬†Experience! https://t.co/myoJ49ibXS https://t.co/EoLNgLK7Y6
2017-08-26 04:29:17,"@AJIOLife GSTIN Unregistered.
Why is it happening? AJIO should provide GSTIN on bills. 
@askGST_GoI @GST_Council‚Ä¶ https://t.co/jeMe9NAePd"
2017-08-25 10:13:15,WRANGLER Checked Shirt with Patch Pocket 50% OFF #AJIO https://t.co/t5oGQav8a9 via @Cuelinks
2017-08-25 10:11:20,VOI JEANS Checked Shirt with Elbow Patches 50% OFF #AJIO  https://t.co/X67QYxQ9iQ via @Cuelinks
2017-08-25 10:09:31,"VOI JEANS
Checked Shirt with Flap Pocket 50% OFF https://t.co/7Z5DQCXkff via @Cuelinks"
2017-08-25 07:25:39,RT @justadelhigirl: Ethnic Look Book featuring https://t.co/FiaJFVjeLl ||Look 1 https://t.co/TpwTGpL7dV https://t.co/mt7S3srEik
2017-08-25 06:19:06,RT @AJIOLife: Kalamkari Cool Contest 3. Follow the instructions &amp; start playing! https://t.co/wV3j966KY9 #AJIOrecommends #Contest #ContestA‚Ä¶
2017-08-25 03:35:34,@Ann_Dee_ @geet0212 @dibbi1804 @itokri I saw very pretty ones on ajio..ikkat blouse material
2017-08-24 18:26:22,RT @AJIOLife: Kalamkari Cool Contest 3. Follow the instructions &amp; start playing! https://t.co/wV3j966KY9 #AJIOrecommends #Contest #ContestA‚Ä¶
2017-08-24 17:12:28,RT @AJIOLife: Kalamkari Cool Contest 3. Follow the instructions &amp; start playing! https://t.co/wV3j966KY9 #AJIOrecommends #Contest #ContestA‚Ä¶
2017-08-24 13:50:21,RT @AJIOLife: Kalamkari Cool Contest 3. Follow the instructions &amp; start playing! https://t.co/wV3j966KY9 #AJIOrecommends #Contest #ContestA‚Ä¶
2017-08-24 13:50:05,I see no difference between my bun and Goofy's hat #Ajio https://t.co/xxrV19NSsw
2017-08-24 12:46:52,RT @AJIOLife: Kalamkari Cool Contest 3. Follow the instructions &amp; start playing! https://t.co/wV3j966KY9 #AJIOrecommends #Contest #ContestA‚Ä¶
2017-08-24 12:12:06,LYF Gold WATER F1S LS-5201 32GB worth Rs. 9999 for Rs. 7499 - Ajio https://t.co/zxCMqCRDZR
2017-08-24 10:20:01,"What to take with you on holiday to dress well
https://t.co/bSnfV6lRuV"
2017-08-24 09:40:54,For The Fashion Frenzy. Get Extra 40% Off On Top #Fashion Brands @AJIOLife. Get Coupon Here -‚Ä¶ https://t.co/ZiLzSnl6RW
2017-08-24 08:35:14,RT @AJIOLife: Kalamkari Cool Contest 2. Follow the instructions &amp; start playing! https://t.co/DKBJqad436   #AJIOrecommends #Contest #Contes‚Ä¶
2017-08-24 08:33:17,RT @AJIOLife: Kalamkari Cool Contest 3. Follow the instructions &amp; start playing! https://t.co/wV3j966KY9 #AJIOrecommends #Contest #ContestA‚Ä¶
2017-08-24 07:48:50,# Get Rs. 400 off on purchase of Rs. 1990 &amp; above. Use coupon code FIRE at https://t.co/GxudfGHgL8
2017-08-24 07:45:00,Special Sale ‚Äì Minimum 50% off on Kid‚Äôs Clothing ‚Äì Sale at Ajio ! https://t.co/ysykmJ387b
2017-08-24 07:44:58,Stumbled upon the indie collection on https://t.co/kAhURmexYO and I discovered lovely art one can wear. üôÜüèª Stay‚Ä¶ https://t.co/wZlaNLwGkJ
2017-08-24 07:44:50,Special Sale ‚Äì Minimum 50% off on Kid‚Äôs Clothing ‚Äì Sale at Ajio¬†! https://t.co/VZo0X9PK0R https://t.co/85oaXVvFvx
2017-08-24 07:21:07,Amazing Sale ‚Äì Upto 70% off on Exclusive Clothing &amp; Footwear for All ‚Äì Sale at Ajio ! https://t.co/V2GK59TybB
2017-08-24 07:20:50,Amazing Sale ‚Äì Upto 70% off on Exclusive Clothing &amp; Footwear for All ‚Äì Sale at Ajio¬†! https://t.co/tl9jrL4DII https://t.co/1BwFEvdtJ3
2017-08-24 07:09:19,RT @AJIOLife: Kalamkari Cool Contest 3. Follow the instructions &amp; start playing! https://t.co/wV3j966KY9 #AJIOrecommends #Contest #ContestA‚Ä¶
2017-08-24 06:41:09,RT @AJIOLife: Kalamkari Cool Contest 3. Follow the instructions &amp; start playing! https://t.co/wV3j966KY9 #AJIOrecommends #Contest #ContestA‚Ä¶
2017-08-24 06:40:42,RT @AJIOLife: Kalamkari Cool Contest 3. Follow the instructions &amp; start playing! https://t.co/wV3j966KY9 #AJIOrecommends #Contest #ContestA‚Ä¶
2017-08-24 06:35:04,"Shop Ajio today for online product from the best of India
https://t.co/9796rCVyOy https://t.co/5mEsEPbok8"
2017-08-24 06:29:47,"Shop AJIO - Dark Woods Promotion #ads #ajio
https://t.co/9796rCVyOy https://t.co/pLZPJDJ3Sj"
2017-08-24 05:45:44,#Ajio Outlet Sale : Up to 50% OFF On Latest Fashion Line https://t.co/rWea69IZBB Valid till 28-Aug-2017 https://t.co/W4Wpy39buR
2017-08-24 05:45:18,"Special offer!! Great discounts!! Flat Rs.1000 OFF!! Shop now üòçüòÄ
https://t.co/l8gBYtkKCN
#Ajio #Coupons #Offers‚Ä¶ https://t.co/4mB1zrWvwJ"
2017-08-24 05:21:04,"@aaliznat @BookLuster Thankyou love ‚ô•Ô∏è‚ô•Ô∏è you can check technicolourjewellery on Instagram. 
Ajio and koovs also hav‚Ä¶ https://t.co/VcpOUHd1mY"
2017-08-24 05:15:55,The Fashion Festival Guide | AJIO Fashion Fest!! :  #fashionblogger #fashiontips #suratblogger #indiafashionblogger‚Ä¶ https://t.co/qpWm6opQqr
2017-08-23 18:41:48,"RT @sweta_ankita: #AJIOrecommends 
This bag ll definitely go with the collection.
 https://t.co/tnQqxs4na4"
2017-08-23 15:30:30,Love #Fashion? Shop as much as you want at #Ajio! Get 50% Off Apparel+ 40% Off Coupon+ EXTRA 20% CashKaro #Cashback‚Ä¶ https://t.co/HrG4i8M05w
2017-08-23 14:48:31,Seems like they hung this dude up and to mock him they called the brand 'A-jio' where maybe the 'A' stands for aur?‚Ä¶ https://t.co/iC3Ya8L1tW
2017-08-23 12:53:39,RT @AJIOLife: Kalamkari Cool Contest 2. Follow the instructions &amp; start playing! https://t.co/DKBJqad436   #AJIOrecommends #Contest #Contes‚Ä¶
2017-08-23 12:43:44,Get flat 20% of on purchase of 4 also avail maximum caskback of Rs1000/- Visit https://t.co/HlQO2Ojgro #jabong‚Ä¶ https://t.co/dUqTk3Er2p
2017-08-23 12:37:05,Coupon offer buy two get one free on bras #zivame #ajio #lovezme #cilory #bwitch #enamor. Visit‚Ä¶ https://t.co/IMNjk5S02e
2017-08-23 12:31:32,RT @AJIOLife: Our all-new collection is everything you‚Äôd want your new wardrobe to be! Get shopping now: https://t.co/7kClCiKBED #DoubtIsOu‚Ä¶
2017-08-23 12:31:26,"RT @AJIOLife: It‚Äôs new, it‚Äôs fresh, and it‚Äôs all about being super stylish! Shop our all new collection now: https://t.co/k6hFnrAZ20 #Doubt‚Ä¶"
2017-08-23 12:31:18,RT @AJIOLife: Kalamkari Cool Contest 2. Follow the instructions &amp; start playing! https://t.co/DKBJqad436   #AJIOrecommends #Contest #Contes‚Ä¶
2017-08-23 12:23:00,RT @AJIOLife: Kalamkari Cool Contest 2. Follow the instructions &amp; start playing! https://t.co/DKBJqad436   #AJIOrecommends #Contest #Contes‚Ä¶
2017-08-23 11:16:33,RT @AJIOLife: Kalamkari Cool Contest 2. Follow the instructions &amp; start playing! https://t.co/DKBJqad436   #AJIOrecommends #Contest #Contes‚Ä¶
2017-08-23 11:08:15,"#AJIOrecommends 
This bag ll definitely go with the collection.
 https://t.co/tnQqxs4na4"
2017-08-23 11:03:24,Download and run the app AJIO Online Shopping App: https://t.co/OEcTRY6OZx
2017-08-23 10:39:05,Bumper @Ajio Offer - WRANGLER Shirts | FLAT 40% - 80% OFF | Extra 40% OFF | Free Shipping| Shop More @‚Ä¶ https://t.co/0nva3ngDcc
2017-08-23 10:23:07,RT @AJIOLife: So here is the Kalamkari Cool Contest 1. Follow the instructions &amp; start playing already! Link: https://t.co/erEKrjLMpe #AJIO‚Ä¶
2017-08-23 10:16:55,"RT @AJIOLife: It‚Äôs new, it‚Äôs fresh, and it‚Äôs all about being super stylish! Shop our all new collection now: https://t.co/k6hFnrAZ20 #Doubt‚Ä¶"
2017-08-23 10:00:45,RT @AJIOLife: Kalamkari Cool Contest 2. Follow the instructions &amp; start playing! https://t.co/DKBJqad436   #AJIOrecommends #Contest #Contes‚Ä¶
2017-08-23 09:59:46,"RT @umamour2: @AJIOLife #AJIO Recommends 
Fourth nd missing is sling bag for girl accordingly https://t.co/KSf1T9MHpY"
2017-08-23 09:58:56,"@AJIOLife #AJIO Recommends 
Fourth nd missing is sling bag for girl accordingly https://t.co/KSf1T9MHpY"
2017-08-23 09:54:31,RT @AJIOLife: Kalamkari Cool Contest 2. Follow the instructions &amp; start playing! https://t.co/DKBJqad436   #AJIOrecommends #Contest #Contes‚Ä¶
2017-08-23 09:53:47,RT @AJIOLife: Kalamkari Cool Contest 2. Follow the instructions &amp; start playing! https://t.co/DKBJqad436   #AJIOrecommends #Contest #Contes‚Ä¶
2017-08-23 09:41:28,"RT @AJIOLife: It‚Äôs new, it‚Äôs fresh, and it‚Äôs all about being super stylish! Shop our all new collection now: https://t.co/k6hFnrAZ20 #Doubt‚Ä¶"
2017-08-23 09:39:34,RT @AJIOLife: Kalamkari Cool Contest 2. Follow the instructions &amp; start playing! https://t.co/DKBJqad436   #AJIOrecommends #Contest #Contes‚Ä¶
2017-08-23 09:37:15,RT @AJIOLife: Kalamkari Cool Contest 2. Follow the instructions &amp; start playing! https://t.co/DKBJqad436   #AJIOrecommends #Contest #Contes‚Ä¶
2017-08-23 09:36:30,RT @AJIOLife: Kalamkari Cool Contest 2. Follow the instructions &amp; start playing! https://t.co/DKBJqad436   #AJIOrecommends #Contest #Contes‚Ä¶
2017-08-23 09:25:39,RT @AJIOLife: Kalamkari Cool Contest 2. Follow the instructions &amp; start playing! https://t.co/DKBJqad436   #AJIOrecommends #Contest #Contes‚Ä¶
2017-08-23 09:23:32,Ethnic Look Book featuring https://t.co/FiaJFVjeLl ||Look 1 https://t.co/TpwTGpL7dV https://t.co/mt7S3srEik
2017-08-23 09:22:44,RT @AJIOLife: Kalamkari Cool Contest 2. Follow the instructions &amp; start playing! https://t.co/DKBJqad436   #AJIOrecommends #Contest #Contes‚Ä¶
2017-08-23 09:22:42,RT @AJIOLife: Kalamkari Cool Contest 2. Follow the instructions &amp; start playing! https://t.co/DKBJqad436   #AJIOrecommends #Contest #Contes‚Ä¶
2017-08-23 09:19:43,RT @AJIOLife: Kalamkari Cool Contest 2. Follow the instructions &amp; start playing! https://t.co/DKBJqad436   #AJIOrecommends #Contest #Contes‚Ä¶
2017-08-23 09:19:06,RT @AJIOLife: Kalamkari Cool Contest 2. Follow the instructions &amp; start playing! https://t.co/DKBJqad436   #AJIOrecommends #Contest #Contes‚Ä¶
2017-08-23 09:18:25,RT @AJIOLife: Kalamkari Cool Contest 2. Follow the instructions &amp; start playing! https://t.co/DKBJqad436   #AJIOrecommends #Contest #Contes‚Ä¶
2017-08-23 08:11:08,RT @AJIOLife: Kalamkari Cool Contest 2. Follow the instructions &amp; start playing! https://t.co/DKBJqad436   #AJIOrecommends #Contest #Contes‚Ä¶
2017-08-23 08:04:10,RT @AJIOLife: Kalamkari Cool Contest 2. Follow the instructions &amp; start playing! https://t.co/DKBJqad436   #AJIOrecommends #Contest #Contes‚Ä¶
2017-08-23 07:53:23,RT @AJIOLife: Kalamkari Cool Contest 2. Follow the instructions &amp; start playing! https://t.co/DKBJqad436   #AJIOrecommends #Contest #Contes‚Ä¶
2017-08-23 07:49:50,RT @AJIOLife: Kalamkari Cool Contest 2. Follow the instructions &amp; start playing! https://t.co/DKBJqad436   #AJIOrecommends #Contest #Contes‚Ä¶
2017-08-23 07:42:22,RT @AJIOLife: Kalamkari Cool Contest 2. Follow the instructions &amp; start playing! https://t.co/DKBJqad436   #AJIOrecommends #Contest #Contes‚Ä¶
2017-08-23 07:40:17,RT @AJIOLife: Kalamkari Cool Contest 2. Follow the instructions &amp; start playing! https://t.co/DKBJqad436   #AJIOrecommends #Contest #Contes‚Ä¶
2017-08-23 07:38:45,RT @AJIOLife: Kalamkari Cool Contest 2. Follow the instructions &amp; start playing! https://t.co/DKBJqad436   #AJIOrecommends #Contest #Contes‚Ä¶
2017-08-23 07:36:35,RT @AJIOLife: Kalamkari Cool Contest 2. Follow the instructions &amp; start playing! https://t.co/DKBJqad436   #AJIOrecommends #Contest #Contes‚Ä¶
2017-08-23 07:29:35,RT @AJIOLife: So here is the Kalamkari Cool Contest 1. Follow the instructions &amp; start playing already! Link: https://t.co/erEKrjLMpe #AJIO‚Ä¶
2017-08-23 07:28:23,RT @AJIOLife: Kalamkari Cool Contest 2. Follow the instructions &amp; start playing! https://t.co/DKBJqad436   #AJIOrecommends #Contest #Contes‚Ä¶
2017-08-23 07:26:52,"Get extra 40% off on #fashion at @AJIOLife + Get 9% Klippd cashback from https://t.co/9V0nR9SZjT
#LagJaGale‚Ä¶ https://t.co/al1ppomzz5"
2017-08-23 07:26:46,RT @AJIOLife: Kalamkari Cool Contest 2. Follow the instructions &amp; start playing! https://t.co/DKBJqad436   #AJIOrecommends #Contest #Contes‚Ä¶
2017-08-23 07:22:11,RT @AJIOLife: Kalamkari Cool Contest 2. Follow the instructions &amp; start playing! https://t.co/DKBJqad436   #AJIOrecommends #Contest #Contes‚Ä¶
2017-08-23 07:18:05,RT @AJIOLife: So here is the Kalamkari Cool Contest 1. Follow the instructions &amp; start playing already! Link: https://t.co/erEKrjLMpe #AJIO‚Ä¶
2017-08-23 07:06:52,RT @AJIOLife: Kalamkari Cool Contest 2. Follow the instructions &amp; start playing! https://t.co/DKBJqad436   #AJIOrecommends #Contest #Contes‚Ä¶
2017-08-23 07:05:35,RT @AJIOLife: Kalamkari Cool Contest 2. Follow the instructions &amp; start playing! https://t.co/DKBJqad436   #AJIOrecommends #Contest #Contes‚Ä¶
2017-08-23 07:04:17,RT @AJIOLife: Kalamkari Cool Contest 2. Follow the instructions &amp; start playing! https://t.co/DKBJqad436   #AJIOrecommends #Contest #Contes‚Ä¶
2017-08-23 07:03:27,RT @AJIOLife: Kalamkari Cool Contest 2. Follow the instructions &amp; start playing! https://t.co/DKBJqad436   #AJIOrecommends #Contest #Contes‚Ä¶
2017-08-23 07:02:05,RT @AJIOLife: Kalamkari Cool Contest 2. Follow the instructions &amp; start playing! https://t.co/DKBJqad436   #AJIOrecommends #Contest #Contes‚Ä¶
2017-08-23 07:00:22,Download and run the app AJIO Online Shopping App: https://t.co/qzmOZaw3d8
2017-08-23 06:58:20,Download and run the app AJIO Online Shopping App: https://t.co/qzmOZaNE4G
2017-08-23 06:57:51,RT @AJIOLife: So here is the Kalamkari Cool Contest 1. Follow the instructions &amp; start playing already! Link: https://t.co/erEKrjLMpe #AJIO‚Ä¶
2017-08-23 06:57:03,RT @AJIOLife: Kalamkari Cool Contest 2. Follow the instructions &amp; start playing! https://t.co/DKBJqad436   #AJIOrecommends #Contest #Contes‚Ä¶
2017-08-23 06:51:10,RT @AJIOLife: Kalamkari Cool Contest 2. Follow the instructions &amp; start playing! https://t.co/DKBJqad436   #AJIOrecommends #Contest #Contes‚Ä¶
2017-08-23 06:50:30,RT @AJIOLife: Kalamkari Cool Contest 2. Follow the instructions &amp; start playing! https://t.co/DKBJqad436   #AJIOrecommends #Contest #Contes‚Ä¶
2017-08-23 06:45:41,RT @AJIOLife: Kalamkari Cool Contest 2. Follow the instructions &amp; start playing! https://t.co/DKBJqad436   #AJIOrecommends #Contest #Contes‚Ä¶
2017-08-23 06:43:24,RT @AJIOLife: Kalamkari Cool Contest 2. Follow the instructions &amp; start playing! https://t.co/DKBJqad436   #AJIOrecommends #Contest #Contes‚Ä¶
2017-08-23 06:43:11,RT @AJIOLife: So here is the Kalamkari Cool Contest 1. Follow the instructions &amp; start playing already! Link: https://t.co/erEKrjLMpe #AJIO‚Ä¶
2017-08-23 06:38:38,"RT @AJIOLife: The new footwear trend to flaunt is here! #AJIOrecommends Neo Nagras, the all new way for a great step forward! https://t.co/‚Ä¶"
2017-08-23 06:31:41,Up to 70% off on Fashion Accessories and Footwear at Ajio starts at¬†Rs.90 https://t.co/BskRgucLJ1 https://t.co/O6i0NIis9e
2017-08-23 06:28:37,RT @AJIOLife: So here is the Kalamkari Cool Contest 1. Follow the instructions &amp; start playing already! Link: https://t.co/erEKrjLMpe #AJIO‚Ä¶
2017-08-23 06:07:50,60% off on Women‚Äôs Ethnic and Fusion wear starts at Rs.200 at¬†Ajio https://t.co/epBWvjHpr2 https://t.co/RbGcYs9Gc8
2017-08-23 05:55:34,Minimum 50% off on Ajio Exclusive Clothing and¬†Accessories https://t.co/WMBim0dNQk https://t.co/Us46cLqUQZ
2017-08-23 05:40:53,Flat 50%-80% off on Ajio‚Äôs all Hail the Sale¬†Collection https://t.co/OnUssmcqwh https://t.co/iWTwaAwzYJ
2017-08-23 05:15:57,Download and run the app AJIO Online Shopping App: https://t.co/j2roHeXMCe
2017-08-22 18:37:24,RT @AJIOLife: So here is the Kalamkari Cool Contest 1. Follow the instructions &amp; start playing already! Link: https://t.co/erEKrjLMpe #AJIO‚Ä¶
2017-08-22 17:11:27,RT @AJIOLife: So here is the Kalamkari Cool Contest 1. Follow the instructions &amp; start playing already! Link: https://t.co/erEKrjLMpe #AJIO‚Ä¶
2017-08-22 15:58:06,"RT @LyonessIndia: Flat 50% off on Women fashion apparels on AJIO PLUS extra 6% Cashback on shopping through #CashbackWorld. 
Shop at: https‚Ä¶"
2017-08-22 14:04:13,RT @AJIOLife: So here is the Kalamkari Cool Contest 1. Follow the instructions &amp; start playing already! Link: https://t.co/erEKrjLMpe #AJIO‚Ä¶
2017-08-22 13:30:11,Grab this INSANE DEAL at #Ajio &amp; get upto 50% Off + 40% Off Coupon with EXTRA 20% #Cashback via CashKaro! Shop via‚Ä¶ https://t.co/9YsvPL59Mv
2017-08-22 12:44:46,RT @AJIOLife: So here is the Kalamkari Cool Contest 1. Follow the instructions &amp; start playing already! Link: https://t.co/erEKrjLMpe #AJIO‚Ä¶
2017-08-22 12:41:18,RT @AJIOLife: So here is the Kalamkari Cool Contest 1. Follow the instructions &amp; start playing already! Link: https://t.co/erEKrjLMpe #AJIO‚Ä¶
2017-08-22 11:34:29,RT @AJIOLife: So here is the Kalamkari Cool Contest 1. Follow the instructions &amp; start playing already! Link: https://t.co/erEKrjLMpe #AJIO‚Ä¶
2017-08-22 11:33:02,RT @AJIOLife: So here is the Kalamkari Cool Contest 1. Follow the instructions &amp; start playing already! Link: https://t.co/erEKrjLMpe #AJIO‚Ä¶
2017-08-22 11:28:38,RT @AJIOLife: So here is the Kalamkari Cool Contest 1. Follow the instructions &amp; start playing already! Link: https://t.co/erEKrjLMpe #AJIO‚Ä¶
2017-08-22 11:25:47,RT @AJIOLife: So here is the Kalamkari Cool Contest 1. Follow the instructions &amp; start playing already! Link: https://t.co/erEKrjLMpe #AJIO‚Ä¶
2017-08-22 11:03:24,RT @AJIOLife: So here is the Kalamkari Cool Contest 1. Follow the instructions &amp; start playing already! Link: https://t.co/erEKrjLMpe #AJIO‚Ä¶
2017-08-22 10:59:19,RT @KyrascopeTV: @AJIOLife Fashion Haul Kids Suff : Dresses | TShirts | Barbie Shoes #kyrascope #fashionhaul #Ajio #Sale... https://t.co/Dk‚Ä¶
2017-08-22 10:12:04,Flat 50% Off on Duke Men's Clothing Starts from Rs. 250 - Ajio https://t.co/ZEt22Mtjfn
2017-08-22 10:06:58,Ajio online store | Kurta for Women by Biba flat 50% off. Up to 18% Cashback on https://t.co/g6JfDUI4gk‚Ä¶ https://t.co/Gn13Ua30S2
2017-08-22 09:36:10,"Rev up your style quotient with these #spectacular #Sneakers from #knottyderby !
Now available on #Ajio !‚Ä¶ https://t.co/BgyWvOoYuo"
2017-08-22 08:54:44,RT @AJIOLife: So here is the Kalamkari Cool Contest 1. Follow the instructions &amp; start playing already! Link: https://t.co/erEKrjLMpe #AJIO‚Ä¶
2017-08-22 08:52:50,RT @AJIOLife: So here is the Kalamkari Cool Contest 1. Follow the instructions &amp; start playing already! Link: https://t.co/erEKrjLMpe #AJIO‚Ä¶
2017-08-22 08:41:50,Duke Men's Clothing - Flat 50% Off starts from Rs.250 - Ajio - https://t.co/92f37zQThf Men's Clothing - Flat 50% ... https://t.co/ZKBmcjEM2k
2017-08-22 08:34:58,RT @AJIOLife: So here is the Kalamkari Cool Contest 1. Follow the instructions &amp; start playing already! Link: https://t.co/erEKrjLMpe #AJIO‚Ä¶
2017-08-22 08:05:31,RT @AJIOLife: So here is the Kalamkari Cool Contest 1. Follow the instructions &amp; start playing already! Link: https://t.co/erEKrjLMpe #AJIO‚Ä¶
2017-08-22 08:03:01,RT @AJIOLife: So here is the Kalamkari Cool Contest 1. Follow the instructions &amp; start playing already! Link: https://t.co/erEKrjLMpe #AJIO‚Ä¶
2017-08-22 08:02:24,RT @AJIOLife: So here is the Kalamkari Cool Contest 1. Follow the instructions &amp; start playing already! Link: https://t.co/erEKrjLMpe #AJIO‚Ä¶
2017-08-22 07:59:15,RT @AJIOLife: So here is the Kalamkari Cool Contest 1. Follow the instructions &amp; start playing already! Link: https://t.co/erEKrjLMpe #AJIO‚Ä¶
2017-08-22 07:57:45,RT @AJIOLife: So here is the Kalamkari Cool Contest 1. Follow the instructions &amp; start playing already! Link: https://t.co/erEKrjLMpe #AJIO‚Ä¶
2017-08-22 07:55:52,RT @AJIOLife: So here is the Kalamkari Cool Contest 1. Follow the instructions &amp; start playing already! Link: https://t.co/erEKrjLMpe #AJIO‚Ä¶
2017-08-22 07:48:46,RT @AJIOLife: So here is the Kalamkari Cool Contest 1. Follow the instructions &amp; start playing already! Link: https://t.co/erEKrjLMpe #AJIO‚Ä¶
2017-08-22 07:48:33,RT @AJIOLife: So here is the Kalamkari Cool Contest 1. Follow the instructions &amp; start playing already! Link: https://t.co/erEKrjLMpe #AJIO‚Ä¶
2017-08-22 07:43:09,RT @AJIOLife: So here is the Kalamkari Cool Contest 1. Follow the instructions &amp; start playing already! Link: https://t.co/erEKrjLMpe #AJIO‚Ä¶
2017-08-22 07:35:55,RT @AJIOLife: So here is the Kalamkari Cool Contest 1. Follow the instructions &amp; start playing already! Link: https://t.co/erEKrjLMpe #AJIO‚Ä¶
2017-08-22 07:30:08,RT @AJIOLife: So here is the Kalamkari Cool Contest 1. Follow the instructions &amp; start playing already! Link: https://t.co/erEKrjLMpe #AJIO‚Ä¶
2017-08-22 07:28:17,RT @AJIOLife: So here is the Kalamkari Cool Contest 1. Follow the instructions &amp; start playing already! Link: https://t.co/erEKrjLMpe #AJIO‚Ä¶
2017-08-22 07:20:24,RT @AJIOLife: So here is the Kalamkari Cool Contest 1. Follow the instructions &amp; start playing already! Link: https://t.co/erEKrjLMpe #AJIO‚Ä¶
2017-08-22 07:16:34,RT @AJIOLife: So here is the Kalamkari Cool Contest 1. Follow the instructions &amp; start playing already! Link: https://t.co/erEKrjLMpe #AJIO‚Ä¶
2017-08-22 07:14:03,"@AJIOLife This top will go best with whole look
#AJIOrecommends
https://t.co/20EjAIMXPm https://t.co/eZa6yYNtZy"
2017-08-22 07:07:35,RT @AJIOLife: So here is the Kalamkari Cool Contest 1. Follow the instructions &amp; start playing already! Link: https://t.co/erEKrjLMpe #AJIO‚Ä¶
2017-08-22 07:06:36,RT @AJIOLife: So here is the Kalamkari Cool Contest 1. Follow the instructions &amp; start playing already! Link: https://t.co/erEKrjLMpe #AJIO‚Ä¶
2017-08-22 07:01:38,"RT @AJIOLife: The new footwear trend to flaunt is here! #AJIOrecommends Neo Nagras, the all new way for a great step forward! https://t.co/‚Ä¶"
2017-08-22 07:01:32,RT @AJIOLife: So here is the Kalamkari Cool Contest 1. Follow the instructions &amp; start playing already! Link: https://t.co/erEKrjLMpe #AJIO‚Ä¶
2017-08-22 06:59:26,RT @AJIOLife: So here is the Kalamkari Cool Contest 1. Follow the instructions &amp; start playing already! Link: https://t.co/erEKrjLMpe #AJIO‚Ä¶
2017-08-22 06:53:44,RT @AJIOLife: So here is the Kalamkari Cool Contest 1. Follow the instructions &amp; start playing already! Link: https://t.co/erEKrjLMpe #AJIO‚Ä¶
2017-08-22 06:52:45,RT @AJIOLife: So here is the Kalamkari Cool Contest 1. Follow the instructions &amp; start playing already! Link: https://t.co/erEKrjLMpe #AJIO‚Ä¶
2017-08-22 06:50:51,RT @AJIOLife: So here is the Kalamkari Cool Contest 1. Follow the instructions &amp; start playing already! Link: https://t.co/erEKrjLMpe #AJIO‚Ä¶
2017-08-22 06:47:52,RT @AJIOLife: So here is the Kalamkari Cool Contest 1. Follow the instructions &amp; start playing already! Link: https://t.co/erEKrjLMpe #AJIO‚Ä¶
2017-08-22 06:46:27,RT @naomi0_0barton: Can anyone connect me to someone who works at Ajio?
2017-08-22 06:44:07,RT @AJIOLife: So here is the Kalamkari Cool Contest 1. Follow the instructions &amp; start playing already! Link: https://t.co/erEKrjLMpe #AJIO‚Ä¶
2017-08-22 06:43:35,RT @AJIOLife: So here is the Kalamkari Cool Contest 1. Follow the instructions &amp; start playing already! Link: https://t.co/erEKrjLMpe #AJIO‚Ä¶
2017-08-22 06:42:27,RT @naomi0_0barton: Can anyone connect me to someone who works at Ajio?
2017-08-22 06:42:14,Can anyone connect me to someone who works at Ajio?
2017-08-22 06:41:48,RT @AJIOLife: So here is the Kalamkari Cool Contest 1. Follow the instructions &amp; start playing already! Link: https://t.co/erEKrjLMpe #AJIO‚Ä¶
2017-08-22 06:39:34,RT @AJIOLife: So here is the Kalamkari Cool Contest 1. Follow the instructions &amp; start playing already! Link: https://t.co/erEKrjLMpe #AJIO‚Ä¶
2017-08-22 06:38:43,RT @AJIOLife: So here is the Kalamkari Cool Contest 1. Follow the instructions &amp; start playing already! Link: https://t.co/erEKrjLMpe #AJIO‚Ä¶
2017-08-22 06:02:21,#AJIO Brand Edit up to 70% Off* https://t.co/jcm37M0U3w https://t.co/4033hoT7hs
2017-08-22 05:07:56,"RT @itssynecdoche: Faster will always come first.

Please control your copywriter, Ajio. https://t.co/RewRMIiJLb"
2017-08-22 03:23:49,"RT @GrabOnIn: If Loving #Fashion Is A Crime, We Plead Guilty.
#Offer #Style #GrabOn #SaveOnGrabOn
https://t.co/hV4QoyuCQL https://t.co/prD4‚Ä¶"
2017-08-22 02:32:28,@UHCFreshcraft @averlaskin @iTomiLokuras @Angelussssvr @Thenaxo_gg @ShenianMC @iAlejandroVz @xPaartyyARG ty for host @DeiserFC sorry ajio
2017-08-21 19:51:32,#askphoneradar Is this a good phone? https://t.co/t04SF75Zrg
2017-08-21 17:07:01,Download and run the app AJIO Online Shopping App: https://t.co/29GrAfSn63
2017-08-21 16:51:45,@TechnicalGuruji I would like to know how is the phone LFY F1 phone which is on AJIO app..it's is at lower price now ‚Çπ7500
2017-08-21 16:23:51,The new footwear trend ‚Äì Neo Nagras ‚Äì¬†Ajio https://t.co/SEKSIyE941 https://t.co/c0LCxJrHEe
2017-08-21 16:23:49,"AJIO Aztec Print Nagra Slip-Ons Rs. 1,499 EXCLUSIVE AJIO Aztec Print Casual Nagra Shoes Rs. 1,499 EXCLUSIVE AJIO... https://t.co/5dF51wjodb"
2017-08-21 15:57:43,RT @Cashkarocom: INSANE DEAL at #Ajio! Get #Jeans worth Rs6000 for just Rs2000! Avail 50%off+ 40%off coupons+ extra 20% #Cashback via https‚Ä¶
2017-08-21 14:30:15,INSANE DEAL at #Ajio! Get #Jeans worth Rs6000 for just Rs2000! Avail 50%off+ 40%off coupons+ extra 20% #Cashback vi‚Ä¶ https://t.co/ZAStFLTM9B
2017-08-21 11:48:23,"Get up to 70% off on brands @AJIOLife + Get 9% klippd cashback from https://t.co/9V0nR9SZjT
#Judwaa2Trailer‚Ä¶ https://t.co/nUYTaiY0x9"
2017-08-21 11:09:42,"@PhadkeTai @eclecticV LISTEN I WAS PLANNING THAT EXACT COMBO I ALREADY FOUND IT 

https://t.co/eDJuaEEQIC"
2017-08-21 10:52:22,"RT @amera_deals: |COUPON CODE-EXTRA30
|SAVINGS-30%
|SOLD BY-Ajio
AmeraDeals: Ajio Offer : Flat 50% off + Get Extra 30% off on p... https://‚Ä¶"
2017-08-21 08:56:20,Hillman Accelerator Helps Minority and Women-Led Startups Succeed https://t.co/29WbLNDH3n https://t.co/5KFd95z2gX
2017-08-21 07:43:21,"If Loving #Fashion Is A Crime, We Plead Guilty.
#Offer #Style #GrabOn #SaveOnGrabOn
https://t.co/hV4QoyuCQL https://t.co/prD4xuOpmO"
2017-08-21 07:32:59,"Incredibly #awesome #blue #sneakers from #knottyderby !
Now available on #Ajio !
#stayyoung #staynaughty https://t.co/om51RnWybh"
2017-08-21 07:01:13,"|COUPON CODE-EXTRA30
|SAVINGS-30%
|SOLD BY-Ajio
AmeraDeals: Ajio Offer : Flat 50% off + Get Extra 30% off on p...‚Ä¶ https://t.co/2liO7hWTDv"
2017-08-20 21:20:49,Download and run the app AJIO Online Shopping App: https://t.co/pNURtKkxSD
2017-08-20 21:20:16,Download and run the app AJIO Online Shopping App: https://t.co/Fpq9zUq4GV
2017-08-20 19:26:11,Download and run the app AJIO Online Shopping App: https://t.co/Cy39miWPGj
2017-08-20 19:21:20,Download and run the app AJIO Online Shopping App: https://t.co/xQFXW2B00e
2017-08-20 19:20:38,Download and run the app AJIO Online Shopping App: https://t.co/xQFXW2SBoO
2017-08-20 16:55:09,This Ajio advertisement jingle reminds of Kamal Hassan's old thriller movie.
2017-08-20 14:30:11,Get this beautiful #Saree just Rs2528 at #Ajio via CashKaro! Get upto 50% off+ 30% off coupon+ extra 20% #Cashback!‚Ä¶ https://t.co/PHXTvaPMq3
