2017-08-29 13:25:59,Jabong Tuesday Night Rush ‚Äì Get Extra 20%¬†Off https://t.co/YvVbm4pQgr https://t.co/okmAdt1ngC
2017-08-29 13:15:31,"Get extra 15% off on ethnic wear.

Grab the code at
https://t.co/EWDLENuswy https://t.co/Na4eVSm9Gn"
2017-08-29 13:00:03,"#Junarose ruffled top adding color and texture to your work attire!
Shop the collection at: https://t.co/P0293N535l‚Ä¶ https://t.co/FvlKyBb3OY"
2017-08-29 12:53:28,"#Jabong #Sneaker Store: Buy Latest Casual #Shoes (Up to 60% #Discount)

https://t.co/tWNVmGuRLq https://t.co/RKN5soODOT"
2017-08-29 12:43:40,#Jabong Jack &amp; Jones Brand Day Upto 50% Off https://t.co/uT0kxC7dAL https://t.co/QxaxJbR3kL
2017-08-29 12:38:18,"Upto 70% off on the #clearencesale on #jabong + get flat ‚Çπ250 #ringbucketrings on purchase made through us. 
visit‚Ä¶ https://t.co/HtB151B2kv"
2017-08-29 12:18:12,"When it Comes to #Fashion, No Online Store can Beat @JabongIndia
Get Coupon Now -&gt; https://t.co/0FsliyEOKy
#offer‚Ä¶ https://t.co/nwahkUey3m"
2017-08-29 12:03:47,"RT @JabongIndia: We are OBSESSED with #TruffleCollection's all new shoes at #Jabong üë†
These 5 are our top favs! Shop them here girls: https‚Ä¶"
2017-08-29 11:36:03,Buy 3 at Rs.999 on Clothing - Jabong https://t.co/8EH0fkQjhx
2017-08-29 11:20:04,Minimum 50% Off on Blackberrys Men's Clothings - Jabong https://t.co/SU8rat0Mxe
2017-08-29 11:09:39,"RT @JabongIndia: We are OBSESSED with #TruffleCollection's all new shoes at #Jabong üë†
These 5 are our top favs! Shop them here girls: https‚Ä¶"
2017-08-29 10:37:40,"RT @cssreenivasan1: I recently tried @Cashkarocom &amp; recommend it! Get EXTRA #Cashback on top of free #Coupons at Jabong, Amazon  https://t.‚Ä¶"
2017-08-29 10:32:30,Jabong collaborates with actor Vidyut Jammwal to engage its employees in a power-packed fitness session‚Ä¶ https://t.co/Mqp9JWnh9M
2017-08-29 10:27:53,"I recently tried @Cashkarocom &amp; recommend it! Get EXTRA #Cashback on top of free #Coupons at Jabong, Amazon  https://t.co/CMaUES524t"
2017-08-29 10:17:26,"RT @JabongIndia: Bloggers @StreakHueFall &amp; @KarishmaRawat look gorg in their @Mango dresses!
Use code MANGO15 &amp; get 15% off - https://t.co/‚Ä¶"
2017-08-29 10:00:22,"RT @JabongIndia: Bloggers @StreakHueFall &amp; @KarishmaRawat look gorg in their @Mango dresses!
Use code MANGO15 &amp; get 15% off - https://t.co/‚Ä¶"
2017-08-29 09:54:51,(Hurry) Jabong- Buy Any 3 Products at just Rs 999 only | Till 6 PM https://t.co/Q31eaIUq0X https://t.co/NMyqeJLC69
2017-08-29 09:50:36,(Hurry) Jabong- Buy Any 3 Products at just Rs 999 only | Till 6 PM https://t.co/SfNwmrsUBK
2017-08-29 09:49:08,Once again we are back with an awesome deal for you. Jabong is offering Buy Any 3 Products at just Rs 999 only.... https://t.co/43kW9LfSG8
2017-08-29 09:38:35,I liked a @YouTube video https://t.co/z77tXije3d Huge Clothing &amp; Accessories haul | Zara Koovs Forever21 Jabong | Perkymegs
2017-08-29 09:17:15,"RT @dalmiara: I recently tried @Cashkarocom &amp; recommend it! Get EXTRA #Cashback on top of free #Coupons at Jabong, Amazon  https://t.co/4yI‚Ä¶"
2017-08-29 09:16:54,"Clothing, Footwear &amp; Accessories Buy any 3 at Rs. 999 @ Jabong https://t.co/wmx5rvGSiT"
2017-08-29 09:15:43,"RT @dalmiara: I recently tried @Cashkarocom &amp; recommend it! Get EXTRA #Cashback on top of free #Coupons at Jabong, Amazon  https://t.co/4yI‚Ä¶"
2017-08-29 09:14:46,"RT @dalmiara: I recently tried @Cashkarocom &amp; recommend it! Get EXTRA #Cashback on top of free #Coupons at Jabong, Amazon  https://t.co/4yI‚Ä¶"
2017-08-29 09:11:29,Sneaker loving and over dosing on @adidasoriginals --- Featured in @TheJuice_Mag üôèüèªüåª Link: https://t.co/NRWLYvSOtJ https://t.co/yv0ecPWkAC
2017-08-29 09:11:17,"RT @dalmiara: I recently tried @Cashkarocom &amp; recommend it! Get EXTRA #Cashback on top of free #Coupons at Jabong, Amazon  https://t.co/4yI‚Ä¶"
2017-08-29 09:00:13,Jabong Shorts &amp; 3/4ths Below Rs.1299 ----- https://t.co/StDs0rr9nT https://t.co/28faoRgrk0
2017-08-29 08:58:08,Fashion e-commerce vertical players have gone quiet after Jabong acquisition!
2017-08-29 08:16:04,Flat Rs.1299 on Branded Clothing &amp; Footwear - Jabong https://t.co/Glhr815rz4
2017-08-29 07:00:02,Get Dorothy Perkins Clothing and Accessories Minimum 30% OFF | Jabong Offer https://t.co/2oh1cSW5FW #india #offers‚Ä¶ https://t.co/u2WVkQ6ogS
2017-08-29 06:43:48,"@imGautaam Currently, our online merchants are Flipkart, Myntra, Jabong, Box8, etc and offline merchants are Spencer's, CCD, Barista,(1/2)"
2017-08-29 06:26:17,@JabongIndia  y dont jabong india starts begging on road instead of cheating others money..shameless jabong india.my orderno 170729460103619
2017-08-29 06:24:22,@JabongIndia  jabong playing cheap game for 949rs..i think beggars are better than them
2017-08-29 06:00:53,"@ANarayanan24  @JabongIndia @Flipkart 
flipkart should had cancelled the order to buy jabong as they cancelled my order. no solution yet."
2017-08-29 05:40:46,RT @JabongIndia: .@VidyutJammwal surprised us Jabongers at the #Jabong HQ with a super fun &amp; exciting fitness session! Have a look at what‚Ä¶
2017-08-29 05:38:34,"fashion  Flat 50% OFF on Clothing, Bags &amp; Footwear from Jabong.+ Upto 5% cashback https://t.co/mMQipkRGqq"
2017-08-29 05:25:30,"Crushing on these gorgeous floral beauties from Dorothy Perkins &amp; how! 
Shop the all new exclusive collection here:‚Ä¶ https://t.co/pEeWx2kuxK"
2017-08-29 05:00:08,Smashing offer on Jabong Shorts &amp; Capris ----- https://t.co/SCAHzujUfd https://t.co/A0TVOjkJmv
2017-08-29 04:56:50,@JabongIndia.my last shopping on jabong.frnds jabong se koi ciz ja lo jabong bhut hi slow company h koi v order time pe
2017-08-29 04:29:03,RT @JabongIndia: .@VidyutJammwal surprised us Jabongers at the #Jabong HQ with a super fun &amp; exciting fitness session! Have a look at what‚Ä¶
2017-08-29 04:00:09,Tops &amp; Tees Upto 70% Off from top brands at #Jabong along with Rs.282 Additional #Cashback via Zingoy visit‚Ä¶ https://t.co/EHRdSFUtKu
2017-08-29 03:40:51,"I recently tried @Cashkarocom &amp; recommend it! Get EXTRA #Cashback on top of free #Coupons at Jabong, Amazon  https://t.co/euMkVwHSco"
2017-08-29 03:13:53,very nice review of Jabong .I appreciate your minute observations &amp; realistic approach.
2017-08-29 03:08:49,RT @JabongIndia: .@VidyutJammwal surprised us Jabongers at the #Jabong HQ with a super fun &amp; exciting fitness session! Have a look at what‚Ä¶
2017-08-28 23:34:30,"sharing #suaju Ecommerce In India: Customers Of Flipkart, Jabong and Snapdeal Are The Most .... #ecommerce #tech https://t.co/qXchhr6vDL"
2017-08-28 19:17:44,"RT @imVkohli: Guess where we went Wrogn¬†this season! An all-new collection of breakaway¬†youth fashion is now available at Jabong
https://t.‚Ä¶"
2017-08-28 18:46:22,Wills Lifestyle &amp; John Players Minimum 50% off + 10% off + 10% Cashback @ Jabong https://t.co/rc80FCiixI
2017-08-28 18:23:15,RT @JabongIndia: .@VidyutJammwal surprised us Jabongers at the #Jabong HQ with a super fun &amp; exciting fitness session! Have a look at what‚Ä¶
2017-08-28 18:06:02,RT @JabongIndia: .@VidyutJammwal surprised us Jabongers at the #Jabong HQ with a super fun &amp; exciting fitness session! Have a look at what‚Ä¶
2017-08-28 18:03:38,"I recently tried @Cashkarocom &amp; recommend it! Get EXTRA #Cashback on top of free #Coupons at Jabong, Amazon  https://t.co/4yI7GHWPYj"
2017-08-28 17:58:33,RT @JabongIndia: .@VidyutJammwal surprised us Jabongers at the #Jabong HQ with a super fun &amp; exciting fitness session! Have a look at what‚Ä¶
2017-08-28 17:45:35,jabong offer :Get extra 15% off on Ethnic¬†Wear https://t.co/xw2aZgD6Nj https://t.co/nobhTlFkZk
2017-08-28 17:33:38,@JabongIndia learn something good from @myntra and @amazonIN . No one from #Cochin should use Jabong app for online purchase.
2017-08-28 17:32:13,RT @JabongIndia: .@VidyutJammwal surprised us Jabongers at the #Jabong HQ with a super fun &amp; exciting fitness session! Have a look at what‚Ä¶
2017-08-28 17:32:00,"RT @JabongIndia: .@VidyutJammwal, @MSDhoni &amp; @YUVSTRONG12 are excited for the #Jabong #BigSportsFest from 26-27 Aug!
Wishlist here: https:/‚Ä¶"
2017-08-28 17:14:02,Get upto 20% off on Women‚Äôs #Skin Care #Jabong #Deals #Offer #Coupons #DealAlerts #DealOfTheDay https://t.co/BQztdyAovJ
2017-08-28 16:55:25,RT @JabongIndia: .@VidyutJammwal surprised us Jabongers at the #Jabong HQ with a super fun &amp; exciting fitness session! Have a look at what‚Ä¶
2017-08-28 16:46:20,"RT @JabongIndia: .@VidyutJammwal, @MSDhoni &amp; @YUVSTRONG12 are excited for the #Jabong #BigSportsFest from 26-27 Aug!
Wishlist here: https:/‚Ä¶"
2017-08-28 16:46:11,RT @JabongIndia: .@VidyutJammwal surprised us Jabongers at the #Jabong HQ with a super fun &amp; exciting fitness session! Have a look at what‚Ä¶
2017-08-28 15:36:05,Flat 50% Off + Extra Rs. 400 Off on John Players Trousers For Men - Jabong https://t.co/lQX9C3HLpi
2017-08-28 15:15:55,RT @JabongIndia: .@VidyutJammwal surprised us Jabongers at the #Jabong HQ with a super fun &amp; exciting fitness session! Have a look at what‚Ä¶
2017-08-28 15:00:08,Upto 72% Off on Jabong Polos &amp; Tees ----- https://t.co/Rt92GTR8of https://t.co/ZzoOvqE810
2017-08-28 14:44:04,"Minimum 40% Off + Extra Rs. 400 Off on Clothing, Bags (Min Order Rs. 1599) - Jabong https://t.co/SUzVuTemTP"
2017-08-28 14:41:30,@JabongIndia Worst customer experience...me (aakash.bajoria@gmail.com) and my wife (pragya.agarwal2@gmail.com) will never shop on Jabong
2017-08-28 14:31:02,Jabong Minimum 50% off + Rs. 400 off on Rs. 1599 + 10% Cashback https://t.co/Lw3CuQ3jUQ
2017-08-28 13:40:52,RT @JabongIndia: .@VidyutJammwal surprised us Jabongers at the #Jabong HQ with a super fun &amp; exciting fitness session! Have a look at what‚Ä¶
2017-08-28 13:39:03,RT @TimesPoints: sometime left for the  #MondayMotivation. Take a selfie with Ganesha &amp; win Micromax smartphone and Jabong vouchers everyda‚Ä¶
2017-08-28 13:23:30,RT @TimesPoints: Here‚Äôs your #MondayMotivation. Take a selfie with Ganesha &amp; win Micromax smartphone and Jabong vouchers everyday. #StayTun‚Ä¶
2017-08-28 13:22:38,sometime left for the  #MondayMotivation. Take a selfie with Ganesha &amp; win Micromax smartphone and Jabong vouchers everyday. #contest #alert
2017-08-28 13:00:02,"The right kind of Monday Blues.
Shop Now at: https://t.co/D3F6cITt18
#SelectedHomme #FeelSelected #TheSelectedMan https://t.co/knWG5wMCq3"
2017-08-28 12:50:27,"RT @JabongIndia: Crushing on these gorgeous #DorothyPerkins' floral beauties! üòç
Shop the all new exclusive collection here: https://t.co/jO‚Ä¶"
2017-08-28 12:47:39,RT @JabongIndia: .@VidyutJammwal surprised us Jabongers at the #Jabong HQ with a super fun &amp; exciting fitness session! Have a look at what‚Ä¶
2017-08-28 12:47:22,RT @JabongIndia: .@VidyutJammwal surprised us Jabongers at the #Jabong HQ with a super fun &amp; exciting fitness session! Have a look at what‚Ä¶
2017-08-28 12:44:48,"RT @JabongIndia: Dress to impress with #LouisPhilippe's dapper new collection! Shop the finest shirts, trousers &amp; shoes at #Jabong - https:‚Ä¶"
2017-08-28 12:36:20,RT @roma_cream: @thefreejinn wants to exchange offline 2500 Titan voucher with 2000 Fk/amazon/Paytm/Myntra/Jabong
2017-08-28 12:35:58,RT @roma_cream: @thefreejinn wants to exchange offline 2500 Titan voucher with 2000 Fk/amazon/Paytm/Myntra/Jabong
2017-08-28 12:32:48,RT @JabongIndia: .@VidyutJammwal surprised us Jabongers at the #Jabong HQ with a super fun &amp; exciting fitness session! Have a look at what‚Ä¶
2017-08-28 12:32:36,RT @JabongIndia: .@VidyutJammwal surprised us Jabongers at the #Jabong HQ with a super fun &amp; exciting fitness session! Have a look at what‚Ä¶
2017-08-28 12:31:47,RT @JabongIndia: .@VidyutJammwal surprised us Jabongers at the #Jabong HQ with a super fun &amp; exciting fitness session! Have a look at what‚Ä¶
2017-08-28 12:13:24,RT @JabongIndia: .@VidyutJammwal surprised us Jabongers at the #Jabong HQ with a super fun &amp; exciting fitness session! Have a look at what‚Ä¶
2017-08-28 12:08:05,RT @JabongIndia: .@VidyutJammwal surprised us Jabongers at the #Jabong HQ with a super fun &amp; exciting fitness session! Have a look at what‚Ä¶
2017-08-28 12:04:47,RT @JabongIndia: .@VidyutJammwal surprised us Jabongers at the #Jabong HQ with a super fun &amp; exciting fitness session! Have a look at what‚Ä¶
2017-08-28 11:54:22,"Jabong Ethnic Wear - Get extra 15% off
https://t.co/R31ucT5qLA
#Trendingdeal #Jabong"
2017-08-28 11:38:33,"RT @JabongIndia: .@VidyutJammwal, @MSDhoni &amp; @YUVSTRONG12 are excited for the #Jabong #BigSportsFest from 26-27 Aug!
Wishlist here: https:/‚Ä¶"
2017-08-28 11:30:25,RT @JabongIndia: .@VidyutJammwal surprised us Jabongers at the #Jabong HQ with a super fun &amp; exciting fitness session! Have a look at what‚Ä¶
2017-08-28 11:26:30,RT @JabongIndia: .@VidyutJammwal surprised us Jabongers at the #Jabong HQ with a super fun &amp; exciting fitness session! Have a look at what‚Ä¶
2017-08-28 11:21:07,# Get extra 15% off on Ethnic Wear. Use coupon code GRAB15 at https://t.co/BW1nvFYxZb
2017-08-28 11:18:20,RT @JabongIndia: .@VidyutJammwal surprised us Jabongers at the #Jabong HQ with a super fun &amp; exciting fitness session! Have a look at what‚Ä¶
2017-08-28 11:18:06,RT @JabongIndia: .@VidyutJammwal surprised us Jabongers at the #Jabong HQ with a super fun &amp; exciting fitness session! Have a look at what‚Ä¶
2017-08-28 11:15:02,RT @JabongIndia: .@VidyutJammwal surprised us Jabongers at the #Jabong HQ with a super fun &amp; exciting fitness session! Have a look at what‚Ä¶
2017-08-28 11:11:22,RT @JabongIndia: .@VidyutJammwal surprised us Jabongers at the #Jabong HQ with a super fun &amp; exciting fitness session! Have a look at what‚Ä¶
2017-08-28 11:07:56,RT @JabongIndia: .@VidyutJammwal surprised us Jabongers at the #Jabong HQ with a super fun &amp; exciting fitness session! Have a look at what‚Ä¶
2017-08-28 11:05:54,RT @JabongIndia: .@VidyutJammwal surprised us Jabongers at the #Jabong HQ with a super fun &amp; exciting fitness session! Have a look at what‚Ä¶
2017-08-28 11:00:33,RT @JabongIndia: .@VidyutJammwal surprised us Jabongers at the #Jabong HQ with a super fun &amp; exciting fitness session! Have a look at what‚Ä¶
2017-08-28 10:59:05,RT @JabongIndia: .@VidyutJammwal surprised us Jabongers at the #Jabong HQ with a super fun &amp; exciting fitness session! Have a look at what‚Ä¶
2017-08-28 10:58:31,RT @JabongIndia: .@VidyutJammwal surprised us Jabongers at the #Jabong HQ with a super fun &amp; exciting fitness session! Have a look at what‚Ä¶
2017-08-28 10:58:23,RT @JabongIndia: .@VidyutJammwal surprised us Jabongers at the #Jabong HQ with a super fun &amp; exciting fitness session! Have a look at what‚Ä¶
2017-08-28 10:58:16,RT @JabongIndia: .@VidyutJammwal surprised us Jabongers at the #Jabong HQ with a super fun &amp; exciting fitness session! Have a look at what‚Ä¶
2017-08-28 10:57:13,RT @JabongIndia: .@VidyutJammwal surprised us Jabongers at the #Jabong HQ with a super fun &amp; exciting fitness session! Have a look at what‚Ä¶
2017-08-28 10:55:37,RT @JabongIndia: .@VidyutJammwal surprised us Jabongers at the #Jabong HQ with a super fun &amp; exciting fitness session! Have a look at what‚Ä¶
2017-08-28 10:54:35,RT @JabongIndia: .@VidyutJammwal surprised us Jabongers at the #Jabong HQ with a super fun &amp; exciting fitness session! Have a look at what‚Ä¶
2017-08-28 10:50:25,RT @JabongIndia: .@VidyutJammwal surprised us Jabongers at the #Jabong HQ with a super fun &amp; exciting fitness session! Have a look at what‚Ä¶
2017-08-28 10:50:18,RT @JabongIndia: .@VidyutJammwal surprised us Jabongers at the #Jabong HQ with a super fun &amp; exciting fitness session! Have a look at what‚Ä¶
2017-08-28 10:49:59,RT @JabongIndia: .@VidyutJammwal surprised us Jabongers at the #Jabong HQ with a super fun &amp; exciting fitness session! Have a look at what‚Ä¶
2017-08-28 10:42:19,Clearance Sale ‚Äì Upto 70% off on Men‚Äôs Sneakers ‚Äì Sale at Jabong ! https://t.co/5EO05MDY9Z
2017-08-28 10:42:04,Clearance Sale ‚Äì Upto 70% off on Men‚Äôs Sneakers ‚Äì Sale at Jabong¬†! https://t.co/Duocyd4dJC https://t.co/kCVjZlujO5
2017-08-28 10:41:11,RT @roma_cream: @thefreejinn wants to exchange offline 2500 Titan voucher with 2000 Fk/amazon/Paytm/Myntra/Jabong
2017-08-28 10:33:44,"BELLA MODA DRESSES &amp; SKIRTS FOR KIDS - Get upto 60% off
https://t.co/w7aN1BtFyn
#Trendingdeal #Jabong"
2017-08-28 10:32:49,RT @roma_cream: @thefreejinn wants to exchange offline 2500 Titan voucher with 2000 Fk/amazon/Paytm/Myntra/Jabong
2017-08-28 10:00:02,Get Footwear Minimum 50% OFF | Jabong Offer https://t.co/ZHPiZvmJkA #india #offers #deals #mumbai #delhi https://t.co/aB62tx2p26
2017-08-28 09:56:06,RT @JabongIndia: .@VidyutJammwal surprised us Jabongers at the #Jabong HQ with a super fun &amp; exciting fitness session! Have a look at what‚Ä¶
2017-08-28 09:55:11,RT @JabongIndia: .@VidyutJammwal surprised us Jabongers at the #Jabong HQ with a super fun &amp; exciting fitness session! Have a look at what‚Ä¶
2017-08-28 09:48:13,RT @JabongIndia: .@VidyutJammwal surprised us Jabongers at the #Jabong HQ with a super fun &amp; exciting fitness session! Have a look at what‚Ä¶
2017-08-28 09:33:48,Check out this lovely fitness based interaction of Vidyut Jammwal with the employees of #Jabong! Fitness &amp; masti... https://t.co/OcYTGGgyig
2017-08-28 09:33:26,"RT @JabongIndia: Get @iHrithik's style for less! üëäüèª
Shop joggers, tees &amp; more by @hrxbrand at 40-70% off.
Shop here: https://t.co/4TZX5EZ0S‚Ä¶"
2017-08-28 09:29:06,RT @JabongIndia: .@VidyutJammwal surprised us Jabongers at the #Jabong HQ with a super fun &amp; exciting fitness session! Have a look at what‚Ä¶
2017-08-28 09:27:26,RT @JabongIndia: .@VidyutJammwal surprised us Jabongers at the #Jabong HQ with a super fun &amp; exciting fitness session! Have a look at what‚Ä¶
2017-08-28 09:12:04,Minimum 50% Off on Footwear - Jabong https://t.co/OqOFiEGBdN
2017-08-28 09:09:37,RT @roma_cream: @thefreejinn wants to exchange offline 2500 Titan voucher with 2000 Fk/amazon/Paytm/Myntra/Jabong
2017-08-28 09:09:26,RT @roma_cream: @thefreejinn wants to exchange offline 2500 Titan voucher with 2000 Fk/amazon/Paytm/Myntra/Jabong
2017-08-28 09:08:16,@thefreejinn wants to exchange offline 2500 Titan voucher with 2000 Fk/amazon/Paytm/Myntra/Jabong
2017-08-28 08:48:01,RT @TimesPoints: Here‚Äôs your #MondayMotivation. Take a selfie with Ganesha &amp; win Micromax smartphone and Jabong vouchers everyday. #StayTun‚Ä¶
2017-08-28 08:38:30,"RT @TimesPoints: #MeWithGanesha selfie contest. Click here to participate: https://t.co/i1jdqFSo16
Win Jabong Vouchers (daily) &amp; 1 Mega Pri‚Ä¶"
2017-08-28 08:34:53,New Arrivals ‚Äì Upto 70% off on Women‚Äôs Exclusive Kurtis ‚Äì Sale at Jabong ! https://t.co/gj9aw8ITSU
2017-08-28 08:34:19,New Arrivals ‚Äì Upto 70% off on Women‚Äôs Exclusive Kurtis ‚Äì Sale at Jabong¬†! https://t.co/QRxttEW0FG https://t.co/0YvThDQS6f
2017-08-28 08:31:43,RT @TimesPoints: Here‚Äôs your #MondayMotivation. Take a selfie with Ganesha &amp; win Micromax smartphone and Jabong vouchers everyday. #StayTun‚Ä¶
2017-08-28 08:09:27,RT @TimesPoints: Here‚Äôs your #MondayMotivation. Take a selfie with Ganesha &amp; win Micromax smartphone and Jabong vouchers everyday. #StayTun‚Ä¶
2017-08-28 08:06:00,Brand Day ‚Äì Upto 50% off on Jack &amp; Jones Clothing &amp; Footwear for Men‚Äôs ‚Äì Sale at Jabong ! https://t.co/s1FRp2IxCc
2017-08-28 08:05:45,Brand Day ‚Äì Upto 50% off on Jack &amp; Jones Clothing &amp; Footwear for Men‚Äôs ‚Äì Sale at Jabong¬†! https://t.co/omcQmJxXHV https://t.co/Xv10w7Cmi3
2017-08-28 08:04:10,I liked a @YouTube video https://t.co/aYV0X5ANgD Fitness Session with Vidyut Jammwal at The Jabong HQ
2017-08-28 08:01:54,Footwear Min 50% off + 15% off + 10% cashback @ Jabong https://t.co/Qf9jDVjPT1
2017-08-28 08:01:28,"RT @TimesPoints: #MeWithGanesha selfie contest. Click here to participate: https://t.co/i1jdqFSo16
Win Jabong Vouchers (daily) &amp; 1 Mega Pri‚Ä¶"
2017-08-28 08:01:08,RT @TimesPoints: Here‚Äôs your #MondayMotivation. Take a selfie with Ganesha &amp; win Micromax smartphone and Jabong vouchers everyday. #StayTun‚Ä¶
2017-08-28 08:00:49,Use my referral code SANB5NEZ8 and get Jabong voucher worth Rs 250. Download app and sign up from https://t.co/N9sSUIM2hM
2017-08-28 07:52:49,RT @TimesPoints: Here‚Äôs your #MondayMotivation. Take a selfie with Ganesha &amp; win Micromax smartphone and Jabong vouchers everyday. #StayTun‚Ä¶
2017-08-28 07:52:24,Here‚Äôs your #MondayMotivation. Take a selfie with Ganesha &amp; win Micromax smartphone and Jabong vouchers everyday. #StayTuned #MeWithGanesha
2017-08-28 06:37:43,#Jabong 999 Store : Buy Anything Below Rs 999 https://t.co/HlekItJoIL  Valid till 31-Aug-2017 https://t.co/yQ99MCVDOb
2017-08-28 06:01:50,#Jabong Brand Day Extra 10% Off + Up to 12% #Cashback from us @InOffersMonkey https://t.co/LaOPS5yEsd https://t.co/9ycCrBl4PM
2017-08-28 05:32:44,"Don't miss out on some of the best steal deals in the 1299 store on Jabong! 

Claim extra upto 10.5% cashback here:‚Ä¶ https://t.co/OPQh17mVJA"
2017-08-28 04:32:06,"RT @JabongIndia: Step up your #StyleGame with @hrxbrand by @iHrithik ‚≠êÔ∏è
Shop the brand at mad prices at the #Jabong #BigSportsFest from 26t‚Ä¶"
2017-08-28 04:29:48,"RT @JabongIndia: Step up your #StyleGame with @hrxbrand by @iHrithik ‚≠êÔ∏è
Shop the brand at mad prices at the #Jabong #BigSportsFest from 26t‚Ä¶"
2017-08-28 03:42:18,"RT @JabongIndia: Shop the #Jabong #BigBrandSale and get 10% cashback upto Rs. 250 when you pay using @MobiKwik!
Explore here: https://t.co/‚Ä¶"
2017-08-28 02:48:49,Buy TCL 4K UHD Android TV and Get Rs.5000 Cashback as Amazon Pay Balance - Amazon - https://t.co/UTKKB3ljBl TCL 4... https://t.co/Q7N15rgStt
2017-08-28 02:24:06,"Ranju N Indian Body Transformation Videos Check It Out hulk  CLOTHING haul | 4ever 21, Myntra, Jabong, Pantaloons -‚Ä¶ https://t.co/e5nvDU5IRz"
2017-08-28 02:16:56,#VoucherExchange If anyone has  a jabong voucher up for exchange for bms/amazon/pizza hut kindly DM
2017-08-28 01:28:47,"RT @JabongIndia: .@VidyutJammwal, @MSDhoni &amp; @YUVSTRONG12 are excited for the #Jabong #BigSportsFest from 26-27 Aug!
Wishlist here: https:/‚Ä¶"
2017-08-28 01:15:51,"RT @JabongIndia: .@VidyutJammwal, @MSDhoni &amp; @YUVSTRONG12 are excited for the #Jabong #BigSportsFest from 26-27 Aug!
Wishlist here: https:/‚Ä¶"
2017-08-28 01:05:03,"RT @JabongIndia: Get @iHrithik's style for less! üëäüèª
Shop joggers, tees &amp; more by @hrxbrand at 40-70% off.
Shop here: https://t.co/4TZX5EZ0S‚Ä¶"
2017-08-28 00:19:34,"RT @JabongIndia: .@VidyutJammwal, @MSDhoni &amp; @YUVSTRONG12 are excited for the #Jabong #BigSportsFest from 26-27 Aug!
Wishlist here: https:/‚Ä¶"
2017-08-27 19:49:50,"RT @Shivani161Patil: New post on the blog now! üôÜüèª #thefdrug #DorothyPerkins #Jabong 
https://t.co/Z7jI2uWZbt https://t.co/v0mW07FPgG"
2017-08-27 19:45:07,RT @Shivani161Patil: At the launch of @neweracap on @jabongindia üë©üèª #thefdrug #NewEraCaps #ThisIsTheCap #Jabong https://t.co/A1Oq0sk3yJ
2017-08-27 19:18:38,"RT @JabongIndia: .@VidyutJammwal, @MSDhoni &amp; @YUVSTRONG12 are excited for the #Jabong #BigSportsFest from 26-27 Aug!
Wishlist here: https:/‚Ä¶"
2017-08-27 18:30:05,Jabong Mystery offer starting at midnight  #Deals #Offers #Saving #India https://t.co/IDCAVoDvXZ
2017-08-27 18:20:42,"RT @JabongIndia: .@VidyutJammwal, @MSDhoni &amp; @YUVSTRONG12 are excited for the #Jabong #BigSportsFest from 26-27 Aug!
Wishlist here: https:/‚Ä¶"
2017-08-27 18:09:31,"RT @GrabOnIn: Break Up With Stress And Love #Shopping.
#Offer #GrabOn #SaveOnGrabOn
https://t.co/hcQorHQm1E https://t.co/lsXBaauVoS"
2017-08-27 18:03:17,"RT @JabongIndia: .@VidyutJammwal, @MSDhoni &amp; @YUVSTRONG12 are excited for the #Jabong #BigSportsFest from 26-27 Aug!
Wishlist here: https:/‚Ä¶"
2017-08-27 16:10:55,"RT @JabongIndia: .@VidyutJammwal, @MSDhoni &amp; @YUVSTRONG12 are excited for the #Jabong #BigSportsFest from 26-27 Aug!
Wishlist here: https:/‚Ä¶"
2017-08-27 16:00:56,"Believe you can... and you‚Äôre halfway there -Theodore Roosevelt üí™üèÜ‚ö°Ô∏è
#jabong #onlineshopping #ecommerce #cataloge‚Ä¶ https://t.co/xUu0cuhN7b"
2017-08-27 15:29:34,"@MyntraSupport @JabongIndia why is there a diff. in gst of same product on myntra &amp; Jabong.  Jabong - 8%, myntra -‚Ä¶ https://t.co/p3s8VjYYBQ"
2017-08-27 14:55:07,Fashion Under 299 Store from top brands at #Jabong + Get Rs.282 #Cashback on your shopping via Zingoy. Visit &gt;&gt;‚Ä¶ https://t.co/U93xywPMsS
2017-08-27 14:52:35,"@thefreejinn Anyone up for #VoucherExchange 
Really urgent if anyone has Jabong voucher. Contact asap"
2017-08-27 14:00:53,Jabong: Nike Running Shoe @ Rs.985/- (70%¬†OFF) https://t.co/8UUImvJtSX https://t.co/zVCVtkuHyE
2017-08-27 13:54:15,"RT @JabongIndia: .@VidyutJammwal, @MSDhoni &amp; @YUVSTRONG12 are excited for the #Jabong #BigSportsFest from 26-27 Aug!
Wishlist here: https:/‚Ä¶"
2017-08-27 13:47:01,Jabong: Nike Running Shoe @ Rs.985/- (70% OFF) | Grab Now https://t.co/GIiqagEnwH https://t.co/slVilx11lb
2017-08-27 13:44:04,"Extra 30% Off on Clothing, Footwear and Accessories - Jabong https://t.co/YabMBKOHVl"
2017-08-27 13:42:59,Get upto 20% off on Women‚Äôs #Skin Care #Jabong #Deals #Offer #Coupons #DealAlerts #DealOfTheDay https://t.co/BQztdyAovJ
2017-08-27 13:35:32,Jabong: Nike Running Shoe @ Rs.985/- (70% OFF) | Grab Now https://t.co/87st2zhahI https://t.co/9mBIujMsvi
2017-08-27 13:30:36,Extra 30% OFF @Jabong | 6 pm - 12 midnight | Grab Now https://t.co/pkT3WOvkHC https://t.co/woohEhKNdx
2017-08-27 13:26:46,"RT @JabongIndia: Step up your #StyleGame with @hrxbrand by @iHrithik ‚≠êÔ∏è
Shop the brand at mad prices at the #Jabong #BigSportsFest from 26t‚Ä¶"
2017-08-27 13:13:44,@PhonePe_ Refund from Jabong not credited to my credit card. Pending since 10 days. Transaction Id: P1708171054370157258308
2017-08-27 13:12:04,Extra 30% OFF @Jabong | 6 pm - 12 midnight | Grab Now https://t.co/AGdAI9Mq5H https://t.co/nepbhfncIz
2017-08-27 13:10:31,Get Extra 30% Off on Clothing at¬†Jabong https://t.co/lXh71UcDZV https://t.co/L6t8XsrMSh
2017-08-27 13:00:05,Extra 30% OFF on Jabong Code- SUPER30 #Deals #Offers #Saving #India https://t.co/po5tGg2KSA
2017-08-27 12:57:23,Jabong Min 50% off + 30% off + 10% Cashback : https://t.co/QCthmEMwm7 #Freebies #Free by @freebiesofindia
2017-08-27 12:57:23,Jabong Min 50% off + 30% off + 10% Cashback : https://t.co/0EPLleC60y #Freebies #Free by @freebiesofindia
2017-08-27 12:54:46,"RT @JabongIndia: .@VidyutJammwal, @MSDhoni &amp; @YUVSTRONG12 are excited for the #Jabong #BigSportsFest from 26-27 Aug!
Wishlist here: https:/‚Ä¶"
2017-08-27 12:49:49,"RT @JabongIndia: .@VidyutJammwal, @MSDhoni &amp; @YUVSTRONG12 are excited for the #Jabong #BigSportsFest from 26-27 Aug!
Wishlist here: https:/‚Ä¶"
2017-08-27 12:46:08,"@LISASTONESIFER @hrxbrand Been trying to buy through @hrxbrand for a while, I live in the USA, MA. Tried Jabong app‚Ä¶ https://t.co/fJxHwrWpSE"
2017-08-27 12:45:55,"RT @JabongIndia: .@VidyutJammwal, @MSDhoni &amp; @YUVSTRONG12 are excited for the #Jabong #BigSportsFest from 26-27 Aug!
Wishlist here: https:/‚Ä¶"
2017-08-27 12:10:39,@r0h1n @miten May be they want to reduce the cost of servicing. That's a huge cost in itself. We did the same when‚Ä¶ https://t.co/SHQNMctJj0
2017-08-27 10:48:04,Roadster Black Formal Shoes worth Rs. 2599 for Rs. 868 - Jabong https://t.co/R3zGa4PXaG
2017-08-27 10:47:26,#jabong don't know how many levels of escalation yoh have...hearing for a month now...#Amazon solve right away such issues
2017-08-27 10:05:03,"RT @JabongIndia: Get @iHrithik's style for less! üëäüèª
Shop joggers, tees &amp; more by @hrxbrand at 40-70% off.
Shop here: https://t.co/4TZX5EZ0S‚Ä¶"
2017-08-27 09:35:11,"This is to inform you about delay in refund initiation of order no.. due to ‚ÄúDera Verdict‚Äù, it will be initiated on 28th  #deraeffect@jabong"
2017-08-27 07:57:30,@Joselogy Jabong
2017-08-27 07:30:12,Last Day of Big Sports Fest at #Jabong! Get upto 70% off + extra Rs250 #Cashback on top via CashKaro! Shop via‚Ä¶ https://t.co/xtE6cnicI8
2017-08-27 07:23:44,@TopCashBackIn Jabong 300rs cashback offer applicable on how much amount of order?
2017-08-27 07:22:53,@TopCashBackIn Jabong 300rs cashback offer applicable on how much amount of order?
2017-08-27 07:19:05,"Came from Mcdo with Jabong and now, here at Avon's mansion naman. Wow. üò±üòÇ"
2017-08-27 07:15:04,"Break Up With Stress And Love #Shopping.
#Offer #GrabOn #SaveOnGrabOn
https://t.co/hcQorHQm1E https://t.co/lsXBaauVoS"
2017-08-27 07:00:05,Fast loot Jabong puma @180‚Çπ #Deals #Offers #Saving #India https://t.co/CmktiXesFj
2017-08-27 06:15:56,"RT @JabongIndia: Last day of the #Jabong #BigSportsFest! Grab Nike, Adidas, PUMA, Reebok &amp; more at upto 70% off.
Explore here: https://t.co‚Ä¶"
2017-08-27 05:58:15,"Candyskin Lingerie Now Available on https://t.co/Bf5EIzneBh
Follow the link https://t.co/vVfKzd0PPX
#BeDelicious https://t.co/76Z9Si7R9B"
2017-08-27 05:56:38,Puma Minimum 60% off + 10% Cashback at Jabong : https://t.co/d77NgVjfP0 #Freebies #Free by @freebiesofindia
2017-08-27 05:56:37,Puma Minimum 60% off + 10% Cashback at Jabong : https://t.co/ymvdjYPqcE #Freebies #Free by @freebiesofindia
2017-08-27 05:36:29,"RT @TimesPoints: #MeWithGanesha selfie contest. Click here to participate: https://t.co/i1jdqFSo16
Win Jabong Vouchers (daily) &amp; 1 Mega Pri‚Ä¶"
2017-08-27 05:33:31,"RT @TimesPoints: #MeWithGanesha selfie contest. Click here to participate: https://t.co/i1jdqFSo16
Win Jabong Vouchers (daily) &amp; 1 Mega Pri‚Ä¶"
2017-08-27 05:33:00,"#MeWithGanesha selfie contest. Click here to participate: https://t.co/i1jdqFSo16
Win Jabong Vouchers (daily) &amp; 1 Mega Prize. T&amp;C apply*"
2017-08-27 05:17:03,Puma Minimum 60% off + 10% Cashback @ Jabong https://t.co/NnL16tDvKu
2017-08-27 04:30:06,"@JabongIndia Same story happening that happened one month back but you people will not initiate the refund 

Beware of the fraud site Jabong"
2017-08-27 02:47:59,Grab in JABONG https://t.co/wrJ1CczsLo
2017-08-27 02:30:04,@JabongIndia is back with something new!!!! #BigSportsFest -  https://t.co/1GR9v9gMho https://t.co/YyhC4ApUTL
2017-08-27 01:29:17,Digital Watches Online - Buy Men Digital Watches Online in India | https://t.co/27zUzrPW5k https://t.co/jZocxGkLnU
2017-08-26 21:38:59,"RT @JabongIndia: Step up your #StyleGame with @hrxbrand by @iHrithik ‚≠êÔ∏è
Shop the brand at mad prices at the #Jabong #BigSportsFest from 26t‚Ä¶"
2017-08-26 21:00:06,Great Deals on Jabong Sneakers ----- https://t.co/LYH0ITATSe https://t.co/SCn39psCvj
2017-08-26 19:43:25,@GoPaisaSupport When Jabong cashback increased to 300rs? Please ans
2017-08-26 19:37:01,@Paytm @Paytmcare didn't register an amount of Rs. 2420.27 as payment to Jabong but the amount has been deducted from my account.
2017-08-26 19:26:05,@krishpuri - One Femme Black Solid Blouse is now on sale for Rs.589.00 - https://t.co/4MKOlpl9IO #Jabong #India
2017-08-26 19:20:01,RT @thuttucom: Nike Running Shoes worth Rs. 2995 for Rs. 895 - Jabong https://t.co/QTzvCJZuYi
2017-08-26 19:08:02,Nike Running Shoes worth Rs. 2995 for Rs. 895 - Jabong https://t.co/QTzvCJZuYi
2017-08-26 18:54:13,Nike Running Shoes Rs.1083 ‚Äì Jabong https://t.co/mRmTfxduY1
2017-08-26 18:28:29,"RT @JabongIndia: Step up your #StyleGame with @hrxbrand by @iHrithik ‚≠êÔ∏è
Shop the brand at mad prices at the #Jabong #BigSportsFest from 26t‚Ä¶"
2017-08-26 18:12:17,"Jabong Mystery Offer ( Flat 80% Off) | Keep Refreshing , new products are bei... #Deals #Offers #Saving #India https://t.co/4Gc21xZlm8"
2017-08-26 18:12:17,Jabong big sports fest on 26th and 27th august #Deals #Offers #Saving #India https://t.co/CnYdBtp0uf
2017-08-26 18:08:16,"@JabongIndia Order it fast and then Don't get Delivery :-), jabong's way for working #NOJabong, #Bigbrandsale"
2017-08-26 18:07:25,"@JabongIndia they even re-imagined ways to making fool, #NoJabong, #juicebyjabong, #jabong"
2017-08-26 18:05:02,"@JabongIndia Hurry please, they only Lie for limited time, as they have to settle accounts post that #NoJabong #BigSportsFest #jabong"
2017-08-26 18:01:21,"RT @JabongIndia: The best time to shop @PUMA is tomorrow at the #Jabong #BigSportsFest. 
And @DishPatani agrees! Wishlist now: https://t.co‚Ä¶"
2017-08-26 18:01:00,"RT @JabongIndia: Killer lightning deals at 10AM, 6PM &amp; 10PM tomorrow at the #Jabong #BigSportsFest! üéæ Set those reminders y'all. https://t.‚Ä¶"
2017-08-26 18:00:55,"RT @JabongIndia: UPTO 70% OFF on Nike, Adidas, PUMA &amp; all the top sportswear brands!
#Jabong #BigSportsFest | till 27th Aug
Shop now: https‚Ä¶"
2017-08-26 18:00:50,"RT @JabongIndia: #FlashSale! FLAT 80% OFF on all sportswear brands only for two hours, till 12PM!
Shop now: https://t.co/3qScTyFB1g
#BigSpo‚Ä¶"
2017-08-26 18:00:45,RT @JabongIndia: #Nike shoes at Rs. 999? Hell yeah! Only at the #Jabong #BigSportsFest for the next 30 mins. Shop here: https://t.co/ictMfd‚Ä¶
2017-08-26 18:00:07,"Jabong Mystery Offer ( Flat 80% Off) | Keep Refreshing , new products are bei... #Deals #Offers #Saving #India https://t.co/4Gc21xHKuA"
2017-08-26 17:40:29,"RT @JabongIndia: Step up your #StyleGame with @hrxbrand by @iHrithik ‚≠êÔ∏è
Shop the brand at mad prices at the #Jabong #BigSportsFest from 26t‚Ä¶"
2017-08-26 17:30:30,@MasurkarH @myntra @MyntraSupport @facebook @JabongIndia @amazonIN @amazon I think amazon don't have apparel collec‚Ä¶ https://t.co/gh93KjlslR
2017-08-26 17:30:03,Get Women Suit Sets Upto 70% OFF | Jabong Offer https://t.co/jd6PJe1xEr #india #offers #deals #mumbai #delhi https://t.co/CKXXR5WBn0
2017-08-26 17:00:04,Upto 79% Off on GKIIDZ Boys Clothing - Jabong https://t.co/1wEvNvWu6f
2017-08-26 17:00:02,Get Harpa Womens Clothing Minimum 50% OFF | Jabong Offer https://t.co/8wi3Xit6xE #india #offers #deals #mumbai‚Ä¶ https://t.co/eYHQnGGgYj
2017-08-26 16:50:20,RT @TimesPoints: Win! #MeWithGanesha contest. Click here to participate: https://t.co/i1jdqFSo16 win Jabong Vouchers (daily) &amp; 1 Mega Prize‚Ä¶
2017-08-26 16:44:04,Flat 90% Off on Clothing for Men &amp; Women - Jabong https://t.co/qC4DoIku9f
2017-08-26 16:33:34,"RT @JabongIndia: FLAT 90% OFF on Nike, Adidas, PUMA &amp; more at the #Jabong #BigSportsFest! Hurry, sizes running out fast.
Shop here: https:/‚Ä¶"
2017-08-26 16:26:53,"RT @JabongIndia: The best time to shop @PUMA is tomorrow at the #Jabong #BigSportsFest. 
And @DishPatani agrees! Wishlist now: https://t.co‚Ä¶"
2017-08-26 16:15:01,Jabong Monsoon Sale - Get 40% - 80% OFF | Jabong Offer https://t.co/38Kj83RAUm #india #offers #deals #mumbai #delhi https://t.co/pbIi8ZPD4z
2017-08-26 15:19:56,"RT @JabongIndia: Step up your #StyleGame with @hrxbrand by @iHrithik ‚≠êÔ∏è
Shop the brand at mad prices at the #Jabong #BigSportsFest from 26t‚Ä¶"
2017-08-26 15:10:56,"RT @JabongIndia: Shop the #Jabong #BigSportsFest &amp; stand a chance to win a one month membership at @AnytimeFitness!
Shop here: https://t.co‚Ä¶"
2017-08-26 14:57:51,"RT @JabongIndia: Shop the #Jabong #BigSportsFest &amp; stand a chance to win a one month membership at @AnytimeFitness!
Shop here: https://t.co‚Ä¶"
2017-08-26 14:49:28,RT @BergeSportswear: Grab yours now: https://t.co/1fPuFxs8YN #Berge #Sportswear #Grey #TrackBottoms #Sporty #Stylish #Confident #Kids https‚Ä¶
2017-08-26 14:36:08,"RT @JabongIndia: Step up your #StyleGame with @hrxbrand by @iHrithik ‚≠êÔ∏è
Shop the brand at mad prices at the #Jabong #BigSportsFest from 26t‚Ä¶"
2017-08-26 14:16:13,"RT @JabongIndia: Step up your #StyleGame with @hrxbrand by @iHrithik ‚≠êÔ∏è
Shop the brand at mad prices at the #Jabong #BigSportsFest from 26t‚Ä¶"
2017-08-26 14:05:06,"RT @JabongIndia: Step up your #StyleGame with @hrxbrand by @iHrithik ‚≠êÔ∏è
Shop the brand at mad prices at the #Jabong #BigSportsFest from 26t‚Ä¶"
2017-08-26 13:56:04,"RT @JabongIndia: Step up your #StyleGame with @hrxbrand by @iHrithik ‚≠êÔ∏è
Shop the brand at mad prices at the #Jabong #BigSportsFest from 26t‚Ä¶"
2017-08-26 13:42:19,"RT @JabongIndia: Step up your #StyleGame with @hrxbrand by @iHrithik ‚≠êÔ∏è
Shop the brand at mad prices at the #Jabong #BigSportsFest from 26t‚Ä¶"
2017-08-26 13:29:55,"RT @JabongIndia: Step up your #StyleGame with @hrxbrand by @iHrithik ‚≠êÔ∏è
Shop the brand at mad prices at the #Jabong #BigSportsFest from 26t‚Ä¶"
2017-08-26 13:17:26,"RT @JabongIndia: Shop the #Jabong #BigSportsFest &amp; stand a chance to win a one month membership at @AnytimeFitness!
Shop here: https://t.co‚Ä¶"
2017-08-26 12:59:16,Jabong Sports Wears Min 50% off + Rs. 500 off on Rs. 1999 + 10% Cashback ‚Äì Jabong https://t.co/V5T3Wt77p8
2017-08-26 12:30:18,"RT @JabongIndia: Step up your #StyleGame with @hrxbrand by @iHrithik ‚≠êÔ∏è
Shop the brand at mad prices at the #Jabong #BigSportsFest from 26t‚Ä¶"
2017-08-26 12:27:24,"This is to inform you about delay in refund initiation of order no:xxxx due to Dera Verdict, it will be initiated on 28 Aug 2017: @jabong"
2017-08-26 11:40:27,"Get up to 70% off on @JabongIndia + Get up to ‚Çπ235 Klippd cashback frm https://t.co/XyVYELPe8b
#NewsWiz2‚Ä¶ https://t.co/phzsv2V1sS"
2017-08-26 11:37:10,"RT @JabongIndia: Step up your #StyleGame with @hrxbrand by @iHrithik ‚≠êÔ∏è
Shop the brand at mad prices at the #Jabong #BigSportsFest from 26t‚Ä¶"
2017-08-26 11:07:21,"RT @JabongIndia: Shop the #Jabong #BigSportsFest &amp; stand a chance to win a one month membership at @AnytimeFitness!
Shop here: https://t.co‚Ä¶"
2017-08-26 10:57:01,"RT @JabongIndia: .@VidyutJammwal, @MSDhoni &amp; @YUVSTRONG12 are excited for the #Jabong #BigSportsFest from 26-27 Aug!
Wishlist here: https:/‚Ä¶"
2017-08-26 10:55:01,"RT @JabongIndia: Step up your #StyleGame with @hrxbrand by @iHrithik ‚≠êÔ∏è
Shop the brand at mad prices at the #Jabong #BigSportsFest from 26t‚Ä¶"
2017-08-26 10:43:48,"RT @JabongIndia: Step up your #StyleGame with @hrxbrand by @iHrithik ‚≠êÔ∏è
Shop the brand at mad prices at the #Jabong #BigSportsFest from 26t‚Ä¶"
2017-08-26 10:40:00,"RT @JabongIndia: Step up your #StyleGame with @hrxbrand by @iHrithik ‚≠êÔ∏è
Shop the brand at mad prices at the #Jabong #BigSportsFest from 26t‚Ä¶"
2017-08-26 10:20:20,"RT @JabongIndia: Step up your #StyleGame with @hrxbrand by @iHrithik ‚≠êÔ∏è
Shop the brand at mad prices at the #Jabong #BigSportsFest from 26t‚Ä¶"
2017-08-26 10:02:46,Jabong Sports Wears Min 50% off + Rs. 500 off on Rs. 1999 + 10% Cashback ‚Äì Jabong https://t.co/FYZvhv6e9v
2017-08-26 09:11:35,Get upto 20% off on Women‚Äôs #Skin Care #Jabong #Deals #Offer #Coupons #DealAlerts #DealOfTheDay https://t.co/BQztdyAovJ
2017-08-26 09:10:28,RT @TimesPoints: Win! #MeWithGanesha contest. Click here to participate: https://t.co/i1jdqFSo16 win Jabong Vouchers (daily) &amp; 1 Mega Prize‚Ä¶
2017-08-26 08:47:11,‚ÄúShop #tiktauli at India‚Äôs biggest sports shopping event ‚ÄìThe Jabong Big Sports Fest from 26th till 27th Aug.‚Ä¶ https://t.co/kWLwEjUuCG
2017-08-26 08:30:09,"RT @JabongIndia: Shop the #Jabong #BigSportsFest &amp; stand a chance to win a one month membership at @AnytimeFitness!
Shop here: https://t.co‚Ä¶"
2017-08-26 08:15:57,"Score More at BIG Sports Fest Upto 50% Discount.

Grab Your pair @ #Jabong¬†https://t.co/TiXEkUyPgT https://t.co/Rb2AjwNK4e"
2017-08-26 08:04:17,"RT @JabongIndia: Step up your #StyleGame with @hrxbrand by @iHrithik ‚≠êÔ∏è
Shop the brand at mad prices at the #Jabong #BigSportsFest from 26t‚Ä¶"
2017-08-26 08:02:59,Grab the Big Sports Fest at Jabong to get min 40% Off on Top Brands &amp; extra Rs 260 Cashback from Sitaphal. Shop via‚Ä¶ https://t.co/COJWHh38Pr
2017-08-26 08:02:46,"RT @imVkohli: Guess where we went Wrogn¬†this season! An all-new collection of breakaway¬†youth fashion is now available at Jabong
https://t.‚Ä¶"
2017-08-26 07:58:51,"RT @imVkohli: Guess where we went Wrogn¬†this season! An all-new collection of breakaway¬†youth fashion is now available at Jabong
https://t.‚Ä¶"
2017-08-26 07:49:16,"RT @JabongIndia: UPTO 70% OFF on Nike, Adidas, PUMA &amp; all the top sportswear brands!
#Jabong #BigSportsFest | till 27th Aug
Shop now: https‚Ä¶"
2017-08-26 07:46:36,"Upto 70% off + flat ‚Çπ250 #ringbucket rings on #jabong! #bigsportsfest
visit now: https://t.co/TAiwqBowtz https://t.co/tENbnjyS4Y"
2017-08-26 07:36:46,RT @TimesPoints: Win! #MeWithGanesha contest. Click here to participate: https://t.co/i1jdqFSo16 win Jabong Vouchers (daily) &amp; 1 Mega Prize‚Ä¶
2017-08-26 07:32:21,Aurelia Brand Day @¬†Jabong https://t.co/dFqFTVn75a
2017-08-26 07:25:15,"RT @JabongIndia: The best time to shop @PUMA is tomorrow at the #Jabong #BigSportsFest. 
And @DishPatani agrees! Wishlist now: https://t.co‚Ä¶"
2017-08-26 07:01:49,"RT @JabongIndia: Killer lightning deals at 10AM, 6PM &amp; 10PM tomorrow at the #Jabong #BigSportsFest! üéæ Set those reminders y'all. https://t.‚Ä¶"
2017-08-26 07:01:44,RT @JabongIndia: #Nike shoes at Rs. 999? Hell yeah! Only at the #Jabong #BigSportsFest for the next 30 mins. Shop here: https://t.co/ictMfd‚Ä¶
2017-08-26 06:59:42,"RT @JabongIndia: #FlashSale! FLAT 80% OFF on all sportswear brands only for two hours, till 12PM!
Shop now: https://t.co/3qScTyFB1g
#BigSpo‚Ä¶"
2017-08-26 06:53:00,Brand Day ‚Äì Upto 60% off on Adidas All Products ‚Äì Sale at Jabong ! https://t.co/5SKYJdsPcM
2017-08-26 06:52:59,Brand Day ‚Äì Upto 60% off on Adidas All Products ‚Äì Sale at Jabong¬†! https://t.co/FQRxvtPHor https://t.co/3ETWHbPCAN
2017-08-26 06:52:03,"RT @JabongIndia: Step up your #StyleGame with @hrxbrand by @iHrithik ‚≠êÔ∏è
Shop the brand at mad prices at the #Jabong #BigSportsFest from 26t‚Ä¶"
2017-08-26 06:49:45,RT @TimesPoints: Win! #MeWithGanesha contest. Click here to participate: https://t.co/i1jdqFSo16 win Jabong Vouchers (daily) &amp; 1 Mega Prize‚Ä¶
2017-08-26 06:48:25,RT @TimesPoints: Win! #MeWithGanesha contest. Click here to participate: https://t.co/i1jdqFSo16 win Jabong Vouchers (daily) &amp; 1 Mega Prize‚Ä¶
2017-08-26 06:33:31,@JabongIndia how to stop promotional sms from Jabongüò°üò°üò°
2017-08-26 06:30:00,Win! #MeWithGanesha contest. Click here to participate: https://t.co/i1jdqFSo16 win Jabong Vouchers (daily) &amp; 1 Mega Prize. T&amp;C apply*
2017-08-26 06:29:59,"RT @JabongIndia: The best time to shop @PUMA is tomorrow at the #Jabong #BigSportsFest. 
And @DishPatani agrees! Wishlist now: https://t.co‚Ä¶"
2017-08-26 06:23:01,#jabong #sucks ...after item return they are not able to track it...they closed the opened issue as well...#cheaters
2017-08-26 06:20:03,Big Fashion Sale ‚Äì Flat Rs.999 on Apparels &amp; Footwear ‚Äì Sale at Jabong ! https://t.co/DmIpHSGcBb
2017-08-26 06:19:52,Big Fashion Sale ‚Äì Flat Rs.999 on Apparels &amp; Footwear ‚Äì Sale at Jabong¬†! https://t.co/lvtDTVZhBp https://t.co/vTQ3IP6Iab
2017-08-26 06:10:52,"Nike Court Lite Black #Tennis #Shoes 50% off at Rs.2398 ‚Äì @JabongIndia

@Nike @nikesportswear #Nike #onlineshopping‚Ä¶ https://t.co/aRxJ1ye4JX"
2017-08-26 06:05:27,Min 40% off ‚Äì Jabong Sports Wears + 25% off + 10% Cashback From¬†Jabong https://t.co/H7XalQJP0N https://t.co/3b2y13rBwO
2017-08-26 06:00:03,Jabong big sports fest 26th and 27th august #Deals #Offers #Saving #India https://t.co/CnYdBtp0uf
2017-08-26 06:00:02,Get Flat 80% OFF on Top Sports Brands | Jabong Offer https://t.co/Fw6JPtfhdd #india #offers #deals #mumbai #delhi https://t.co/grG8ooNTVS
2017-08-26 05:55:31,"RT @JabongIndia: Get @iHrithik's style for less! üëäüèª
Shop joggers, tees &amp; more by @hrxbrand at 40-70% off.
Shop here: https://t.co/4TZX5EZ0S‚Ä¶"
2017-08-26 05:40:04,"Flat 80% Off on Clothing, Footwear &amp; Accessories - Jabong https://t.co/YVMIqifbSH"
2017-08-26 05:37:10,"Clothing, Footwear &amp; Accessories minimum 70% off + 10% Cashback @ Jabong https://t.co/YULH9Qjl0t"
2017-08-26 05:32:12,"#Nike #Shoes @ Rs.999 at #Jabong.
For Additional #Cashback &amp; More #deals like this, do come to #Deals4India.... https://t.co/FZNbTd0RU4"
2017-08-26 05:23:38,"RT @JabongIndia: Step up your #StyleGame with @hrxbrand by @iHrithik ‚≠êÔ∏è
Shop the brand at mad prices at the #Jabong #BigSportsFest from 26t‚Ä¶"
2017-08-26 05:19:48,"Mystery Deal Revealed! FLAT 80% OFF on Nike,Adidas,Puma and sportswear brands only for two hours, till 12PM today!‚Ä¶ https://t.co/Jknu1xXj9g"
2017-08-26 05:18:48,"RT @JabongIndia: Step up your #StyleGame with @hrxbrand by @iHrithik ‚≠êÔ∏è
Shop the brand at mad prices at the #Jabong #BigSportsFest from 26t‚Ä¶"
2017-08-26 05:10:11,You just can't miss the new arrivals from Alcis! Shop for Alcis at India's biggest sports fest on 26th &amp; 27th of Au‚Ä¶ https://t.co/xWUFYotTyl
2017-08-26 05:07:10,"Flat 50% Off on #Adidas. Only till 2 P.M. 
Hurry Up
https://t.co/1Mpb5FoV3p
#jabong #Sales #Offers #Deals https://t.co/HR3v0O4CBQ"
2017-08-26 04:19:51,"RT @JabongIndia: Step up your #StyleGame with @hrxbrand by @iHrithik ‚≠êÔ∏è
Shop the brand at mad prices at the #Jabong #BigSportsFest from 26t‚Ä¶"
2017-08-26 03:35:48,"RT @JabongIndia: Step up your #StyleGame with @hrxbrand by @iHrithik ‚≠êÔ∏è
Shop the brand at mad prices at the #Jabong #BigSportsFest from 26t‚Ä¶"
2017-08-26 03:34:23,Answer this? What is Jabong‚Äôs value proposition to its customers https://t.co/eBZBVAZMwZ
2017-08-26 03:33:03,RT @thuttucom: Nike Running Shoes worth Rs. 3295 for Rs. 1099 - Jabong https://t.co/ZZfPILrC6L
2017-08-26 03:30:09,Be a part of the #Jabong Big Sports Fest! Get flat Rs250 #Cashback on top of upto 70% discounts only via CashKaro!‚Ä¶ https://t.co/dU2ZipbExN
2017-08-26 03:12:12,"RT @JabongIndia: Step up your #StyleGame with @hrxbrand by @iHrithik ‚≠êÔ∏è
Shop the brand at mad prices at the #Jabong #BigSportsFest from 26t‚Ä¶"
2017-08-26 03:00:44,"RT @JabongIndia: Step up your #StyleGame with @hrxbrand by @iHrithik ‚≠êÔ∏è
Shop the brand at mad prices at the #Jabong #BigSportsFest from 26t‚Ä¶"
2017-08-26 02:52:46,Nike Running Shoes Rs.1098- Jabong https://t.co/MDwMVt1nsN
2017-08-26 01:51:18,"RT @JabongIndia: Step up your #StyleGame with @hrxbrand by @iHrithik ‚≠êÔ∏è
Shop the brand at mad prices at the #Jabong #BigSportsFest from 26t‚Ä¶"
2017-08-26 00:08:19,"RT @JabongIndia: Step up your #StyleGame with @hrxbrand by @iHrithik ‚≠êÔ∏è
Shop the brand at mad prices at the #Jabong #BigSportsFest from 26t‚Ä¶"
2017-08-25 23:52:18,Jabong India for reflectometry
2017-08-25 23:10:34,"RT @JabongIndia: The best time to shop @PUMA is tomorrow at the #Jabong #BigSportsFest. 
And @DishPatani agrees! Wishlist now: https://t.co‚Ä¶"
2017-08-25 21:58:45,RT @adityaasthakur: Jabong to raise $200 mn in funding. Co-Founder Arun Chandra says the funds will be used to boost its mobile platform ht‚Ä¶
2017-08-25 21:20:03,MIZUNO Running Shoes worth Rs. 2999 for Rs. 1099 - Jabong https://t.co/tGzAjzzr0P
2017-08-25 21:08:47,"Casio Watches for Women - Buy Casio Women's Watches, Wrist Watches Online in India | https://t.co/27zUzrPW5k https://t.co/bZiaf5lL0c"
2017-08-25 21:05:02,"RT @JabongIndia: Step up your #StyleGame with @hrxbrand by @iHrithik ‚≠êÔ∏è
Shop the brand at mad prices at the #Jabong #BigSportsFest from 26t‚Ä¶"
2017-08-25 20:41:58,"RT @JabongIndia: Step up your #StyleGame with @hrxbrand by @iHrithik ‚≠êÔ∏è
Shop the brand at mad prices at the #Jabong #BigSportsFest from 26t‚Ä¶"
2017-08-25 20:36:34,"RT @JabongIndia: Step up your #StyleGame with @hrxbrand by @iHrithik ‚≠êÔ∏è
Shop the brand at mad prices at the #Jabong #BigSportsFest from 26t‚Ä¶"
2017-08-25 20:28:47,Kenneth Cole Watches for Men - Buy Kenneth Cole Men Watches Online in India | https://t.co/27zUzrPW5k https://t.co/KzNFXmvQJt
2017-08-25 20:28:03,Nike Running Shoes worth Rs. 3295 for Rs. 1099 - Jabong https://t.co/ZZfPILrC6L
2017-08-25 20:26:54,"RT @JabongIndia: .@VidyutJammwal, @MSDhoni &amp; @YUVSTRONG12 are excited for the #Jabong #BigSportsFest from 26-27 Aug!
Wishlist here: https:/‚Ä¶"
2017-08-25 20:09:49,"RT @JabongIndia: Step up your #StyleGame with @hrxbrand by @iHrithik ‚≠êÔ∏è
Shop the brand at mad prices at the #Jabong #BigSportsFest from 26t‚Ä¶"
2017-08-25 19:54:06,"RT @JabongIndia: Step up your #StyleGame with @hrxbrand by @iHrithik ‚≠êÔ∏è
Shop the brand at mad prices at the #Jabong #BigSportsFest from 26t‚Ä¶"
2017-08-25 19:47:19,"Steal Deal : Nike Running Shoes For Flat Rs.999/-.
Link : https://t.co/85jsPWn8Lv"
2017-08-25 19:37:10,Nike Running Shoes Rs.999 ‚Äì Jabong https://t.co/HNLzWL9WON
2017-08-25 19:36:45,Nike Running Shoes At Rs.999 From¬†Jabong https://t.co/KDypp7sBnw https://t.co/KBBcWIkC7t
2017-08-25 19:24:18,"RT @JabongIndia: The best time to shop @PUMA is tomorrow at the #Jabong #BigSportsFest. 
And @DishPatani agrees! Wishlist now: https://t.co‚Ä¶"
2017-08-25 19:22:06,"RT @JabongIndia: Step up your #StyleGame with @hrxbrand by @iHrithik ‚≠êÔ∏è
Shop the brand at mad prices at the #Jabong #BigSportsFest from 26t‚Ä¶"
2017-08-25 19:17:11,Answer this? What is Jabong‚Äôs value proposition to its customers https://t.co/Qvk4MuDdcU
2017-08-25 19:11:29,Jabong Sports Wears Min 40% off + 25% off + 10% Cashback ‚Äì Jabong https://t.co/LyQmwGXp4n
2017-08-25 19:09:18,Rejoice! Its the Big Sports Fest at #Jabong! Get upto 70% off + extra Rs250 #Cashback on top via CashKaro! Shop via‚Ä¶ https://t.co/jroi1nRB3Y
2017-08-25 19:01:53,"RT @JabongIndia: The best time to shop @PUMA is tomorrow at the #Jabong #BigSportsFest. 
And @DishPatani agrees! Wishlist now: https://t.co‚Ä¶"
2017-08-25 18:57:18,"RT @JabongIndia: The best time to shop @PUMA is tomorrow at the #Jabong #BigSportsFest. 
And @DishPatani agrees! Wishlist now: https://t.co‚Ä¶"
2017-08-25 18:54:56,"RT @JabongIndia: Step up your #StyleGame with @hrxbrand by @iHrithik ‚≠êÔ∏è
Shop the brand at mad prices at the #Jabong #BigSportsFest from 26t‚Ä¶"
2017-08-25 18:44:14,"RT @JabongIndia: Step up your #StyleGame with @hrxbrand by @iHrithik ‚≠êÔ∏è
Shop the brand at mad prices at the #Jabong #BigSportsFest from 26t‚Ä¶"
2017-08-25 18:43:40,"RT @JabongIndia: Step up your #StyleGame with @hrxbrand by @iHrithik ‚≠êÔ∏è
Shop the brand at mad prices at the #Jabong #BigSportsFest from 26t‚Ä¶"
2017-08-25 18:27:00,"RT @JabongIndia: Step up your #StyleGame with @hrxbrand by @iHrithik ‚≠êÔ∏è
Shop the brand at mad prices at the #Jabong #BigSportsFest from 26t‚Ä¶"
2017-08-25 18:20:01,"RT @JabongIndia: Step up your #StyleGame with @hrxbrand by @iHrithik ‚≠êÔ∏è
Shop the brand at mad prices at the #Jabong #BigSportsFest from 26t‚Ä¶"
2017-08-25 18:15:08,"RT @JabongIndia: Step up your #StyleGame with @hrxbrand by @iHrithik ‚≠êÔ∏è
Shop the brand at mad prices at the #Jabong #BigSportsFest from 26t‚Ä¶"
2017-08-25 18:07:38,"RT @JabongIndia: Step up your #StyleGame with @hrxbrand by @iHrithik ‚≠êÔ∏è
Shop the brand at mad prices at the #Jabong #BigSportsFest from 26t‚Ä¶"
2017-08-25 18:07:34,"RT @JabongIndia: Step up your #StyleGame with @hrxbrand by @iHrithik ‚≠êÔ∏è
Shop the brand at mad prices at the #Jabong #BigSportsFest from 26t‚Ä¶"
2017-08-25 17:59:19,"RT @JabongIndia: Step up your #StyleGame with @hrxbrand by @iHrithik ‚≠êÔ∏è
Shop the brand at mad prices at the #Jabong #BigSportsFest from 26t‚Ä¶"
2017-08-25 17:55:11,"RT @JabongIndia: Step up your #StyleGame with @hrxbrand by @iHrithik ‚≠êÔ∏è
Shop the brand at mad prices at the #Jabong #BigSportsFest from 26t‚Ä¶"
2017-08-25 17:52:02,Amazon reportedly eyeing Jabong acquisition https://t.co/pEl8smVgB5
2017-08-25 17:51:04,"RT @JabongIndia: Step up your #StyleGame with @hrxbrand by @iHrithik ‚≠êÔ∏è
Shop the brand at mad prices at the #Jabong #BigSportsFest from 26t‚Ä¶"
2017-08-25 17:46:06,"RT @JabongIndia: Step up your #StyleGame with @hrxbrand by @iHrithik ‚≠êÔ∏è
Shop the brand at mad prices at the #Jabong #BigSportsFest from 26t‚Ä¶"
2017-08-25 17:44:53,"RT @JabongIndia: Step up your #StyleGame with @hrxbrand by @iHrithik ‚≠êÔ∏è
Shop the brand at mad prices at the #Jabong #BigSportsFest from 26t‚Ä¶"
2017-08-25 17:44:41,"RT @JabongIndia: Step up your #StyleGame with @hrxbrand by @iHrithik ‚≠êÔ∏è
Shop the brand at mad prices at the #Jabong #BigSportsFest from 26t‚Ä¶"
2017-08-25 17:40:26,"RT @JabongIndia: Step up your #StyleGame with @hrxbrand by @iHrithik ‚≠êÔ∏è
Shop the brand at mad prices at the #Jabong #BigSportsFest from 26t‚Ä¶"
2017-08-25 17:36:30,"RT @JabongIndia: Step up your #StyleGame with @hrxbrand by @iHrithik ‚≠êÔ∏è
Shop the brand at mad prices at the #Jabong #BigSportsFest from 26t‚Ä¶"
2017-08-25 17:33:39,"RT @JabongIndia: Step up your #StyleGame with @hrxbrand by @iHrithik ‚≠êÔ∏è
Shop the brand at mad prices at the #Jabong #BigSportsFest from 26t‚Ä¶"
2017-08-25 17:24:48,"RT @JabongIndia: Step up your #StyleGame with @hrxbrand by @iHrithik ‚≠êÔ∏è
Shop the brand at mad prices at the #Jabong #BigSportsFest from 26t‚Ä¶"
2017-08-25 17:17:07,"RT @JabongIndia: Step up your #StyleGame with @hrxbrand by @iHrithik ‚≠êÔ∏è
Shop the brand at mad prices at the #Jabong #BigSportsFest from 26t‚Ä¶"
2017-08-25 17:09:06,"RT @JabongIndia: Step up your #StyleGame with @hrxbrand by @iHrithik ‚≠êÔ∏è
Shop the brand at mad prices at the #Jabong #BigSportsFest from 26t‚Ä¶"
2017-08-25 17:08:59,"RT @JabongIndia: Step up your #StyleGame with @hrxbrand by @iHrithik ‚≠êÔ∏è
Shop the brand at mad prices at the #Jabong #BigSportsFest from 26t‚Ä¶"
2017-08-25 17:08:33,"RT @JabongIndia: Step up your #StyleGame with @hrxbrand by @iHrithik ‚≠êÔ∏è
Shop the brand at mad prices at the #Jabong #BigSportsFest from 26t‚Ä¶"
2017-08-25 17:04:27,"RT @JabongIndia: Step up your #StyleGame with @hrxbrand by @iHrithik ‚≠êÔ∏è
Shop the brand at mad prices at the #Jabong #BigSportsFest from 26t‚Ä¶"
2017-08-25 17:03:34,"RT @JabongIndia: Step up your #StyleGame with @hrxbrand by @iHrithik ‚≠êÔ∏è
Shop the brand at mad prices at the #Jabong #BigSportsFest from 26t‚Ä¶"
2017-08-25 17:03:02,"RT @JabongIndia: Step up your #StyleGame with @hrxbrand by @iHrithik ‚≠êÔ∏è
Shop the brand at mad prices at the #Jabong #BigSportsFest from 26t‚Ä¶"
2017-08-25 17:03:01,"RT @JabongIndia: Step up your #StyleGame with @hrxbrand by @iHrithik ‚≠êÔ∏è
Shop the brand at mad prices at the #Jabong #BigSportsFest from 26t‚Ä¶"
2017-08-25 17:02:32,"RT @JabongIndia: Step up your #StyleGame with @hrxbrand by @iHrithik ‚≠êÔ∏è
Shop the brand at mad prices at the #Jabong #BigSportsFest from 26t‚Ä¶"
2017-08-25 16:54:58,"I recently tried @Cashkarocom &amp; recommend it! Get EXTRA #Cashback on top of free #Coupons at Jabong, Amazon  https://t.co/7fepClJ5V0"
2017-08-25 16:44:18,"RT @JabongIndia: Step up your #StyleGame with @hrxbrand by @iHrithik ‚≠êÔ∏è
Shop the brand at mad prices at the #Jabong #BigSportsFest from 26t‚Ä¶"
2017-08-25 16:36:36,"RT @JabongIndia: Step up your #StyleGame with @hrxbrand by @iHrithik ‚≠êÔ∏è
Shop the brand at mad prices at the #Jabong #BigSportsFest from 26t‚Ä¶"
2017-08-25 16:36:03,"RT @JabongIndia: Step up your #StyleGame with @hrxbrand by @iHrithik ‚≠êÔ∏è
Shop the brand at mad prices at the #Jabong #BigSportsFest from 26t‚Ä¶"
2017-08-25 16:35:34,"RT @JabongIndia: Step up your #StyleGame with @hrxbrand by @iHrithik ‚≠êÔ∏è
Shop the brand at mad prices at the #Jabong #BigSportsFest from 26t‚Ä¶"
2017-08-25 16:34:39,"RT @JabongIndia: Step up your #StyleGame with @hrxbrand by @iHrithik ‚≠êÔ∏è
Shop the brand at mad prices at the #Jabong #BigSportsFest from 26t‚Ä¶"
2017-08-25 16:33:10,"RT @JabongIndia: Step up your #StyleGame with @hrxbrand by @iHrithik ‚≠êÔ∏è
Shop the brand at mad prices at the #Jabong #BigSportsFest from 26t‚Ä¶"
2017-08-25 16:32:30,@TopCashBackIn jabong cashback 300rs applicable on how much order amount? How many txn i do from 1 account? /month?
2017-08-25 16:31:18,"RT @JabongIndia: Step up your #StyleGame with @hrxbrand by @iHrithik ‚≠êÔ∏è
Shop the brand at mad prices at the #Jabong #BigSportsFest from 26t‚Ä¶"
2017-08-25 16:30:22,"RT @JabongIndia: Step up your #StyleGame with @hrxbrand by @iHrithik ‚≠êÔ∏è
Shop the brand at mad prices at the #Jabong #BigSportsFest from 26t‚Ä¶"
2017-08-25 16:27:05,Buy 1 Get 3: #Jabong Fashion for #Men &amp; #Women https://t.co/IZ0UaWFZrv
2017-08-25 16:14:35,"RT @JabongIndia: .@VidyutJammwal, @MSDhoni &amp; @YUVSTRONG12 are excited for the #Jabong #BigSportsFest from 26-27 Aug!
Wishlist here: https:/‚Ä¶"
2017-08-25 16:08:43,RT @JabongIndia: Grab the coolest @PUMA merch at the best prices at the #Jabong #BigSportsFest starting at midnight! + Be #ForeverFaster li‚Ä¶
2017-08-25 16:07:34,"RT @JabongIndia: Killer lightning deals at 10AM, 6PM &amp; 10PM tomorrow at the #Jabong #BigSportsFest! üéæ Set those reminders y'all. https://t.‚Ä¶"
2017-08-25 16:07:12,"RT @JabongIndia: .@YUVSTRONG12 wants you to make the most of the #Jabong #BigSportsFest üéæ¬† @YWCFashion 
Start wishlisting your favourite pr‚Ä¶"
2017-08-25 15:57:32,"RT @JabongIndia: .@VidyutJammwal, @MSDhoni &amp; @YUVSTRONG12 are excited for the #Jabong #BigSportsFest from 26-27 Aug!
Wishlist here: https:/‚Ä¶"
2017-08-25 15:54:17,"RT @JabongIndia: Step up your #StyleGame with @hrxbrand by @iHrithik ‚≠êÔ∏è
Shop the brand at mad prices at the #Jabong #BigSportsFest from 26t‚Ä¶"
2017-08-25 15:46:16,RT @JabongIndia: Grab the coolest @PUMA merch at the best prices at the #Jabong #BigSportsFest starting at midnight! + Be #ForeverFaster li‚Ä¶
2017-08-25 15:36:29,"RT @DiMAwards: https://t.co/SFmI7PcMWm, shortlisted for the Diversity in Media Marketing Campaign of the Year Award https://t.co/zrCve1ESHg‚Ä¶"
2017-08-25 15:35:51,"RT @DiMAwards: https://t.co/SFmI7PcMWm, shortlisted for the Diversity in Media Marketing Campaign of the Year Award https://t.co/zrCve1ESHg‚Ä¶"
2017-08-25 15:33:02,"RT @JabongIndia: .@VidyutJammwal, @MSDhoni &amp; @YUVSTRONG12 are excited for the #Jabong #BigSportsFest from 26-27 Aug!
Wishlist here: https:/‚Ä¶"
2017-08-25 15:08:27,"RT @JabongIndia: .@YUVSTRONG12 wants you to make the most of the #Jabong #BigSportsFest üéæ¬† @YWCFashion 
Start wishlisting your favourite pr‚Ä¶"
2017-08-25 15:04:56,"RT @JabongIndia: .@YUVSTRONG12 wants you to make the most of the #Jabong #BigSportsFest üéæ¬† @YWCFashion 
Start wishlisting your favourite pr‚Ä¶"
2017-08-25 15:00:09,Upto 70% Off on Jabong Casual Shirts ----- https://t.co/ny4molktMA https://t.co/zoLQj6lhPK
2017-08-25 14:51:23,"@JabongIndia This is how u serve u customer,no delivery attempt was made#badservice #onlineshopping #jabong #myntra‚Ä¶ https://t.co/vHHDZF4gUq"
2017-08-25 14:51:07,RT @JabongIndia: 2 days to go till #Jabong #BigSportsFest 2017 - India's biggest sports shopping festival that you just can't miss out on!‚Ä¶
2017-08-25 14:50:36,RT @JabongIndia: 2 days to go till #Jabong #BigSportsFest 2017 - India's biggest sports shopping festival that you just can't miss out on!‚Ä¶
2017-08-25 14:28:40,"RT @JabongIndia: .@VidyutJammwal, @MSDhoni &amp; @YUVSTRONG12 are excited for the #Jabong #BigSportsFest from 26-27 Aug!
Wishlist here: https:/‚Ä¶"
2017-08-25 14:04:16,Jabong Clothing &amp; Footwear Buy 1 Get 2 Free : https://t.co/jWGt4g19NQ #Freebies #Free by @freebiesofindia
2017-08-25 14:04:16,Jabong Clothing &amp; Footwear Buy 1 Get 2 Free : https://t.co/7kH3FwdMdN #Freebies #Free by @freebiesofindia
2017-08-25 13:44:10,"RT @JabongIndia: .@VidyutJammwal, @MSDhoni &amp; @YUVSTRONG12 are excited for the #Jabong #BigSportsFest from 26-27 Aug!
Wishlist here: https:/‚Ä¶"
2017-08-25 13:19:01,"RT @JabongIndia: .@VidyutJammwal, @MSDhoni &amp; @YUVSTRONG12 are excited for the #Jabong #BigSportsFest from 26-27 Aug!
Wishlist here: https:/‚Ä¶"
2017-08-25 13:06:14,Home Furnishing Upto 60% Off + Extra 40% Off On No Minimum Purchase At¬†Jabong https://t.co/HiX9cnuc6k https://t.co/idPDEZeQ40
2017-08-25 13:00:01,"Cozy yet chic!
Shop the collection at:
https://t.co/Klo7M4VZy8
#Junarose #PlusSizeFashion https://t.co/HYEjbc2KcK"
2017-08-25 12:46:03,"RT @JabongIndia: .@VidyutJammwal, @MSDhoni &amp; @YUVSTRONG12 are excited for the #Jabong #BigSportsFest from 26-27 Aug!
Wishlist here: https:/‚Ä¶"
2017-08-25 12:34:55,Jabong Home Furnishing Sale upto 60% off + 40% off + 10% cashback https://t.co/vwpMc3ovJO
2017-08-25 12:27:14,@JabongIndia Shameful. Poor Service. Increase your standard and stop pick pocketing your customers. #RobbedMoney #Shameful #Jabong
2017-08-25 12:25:37,"@JabongIndia I had money in my Jabong account &amp; al of a sudden my accnt is left with no balance.
Is this the way u treat ur privilege cstmrs"
2017-08-25 12:17:35,Shop #ALCIS at India‚Äôs biggest sports shopping event ‚ÄìThe Jabong Big Sports Fest from 26th till 27th Aug.‚Ä¶ https://t.co/lrr1I6IQ9m
2017-08-25 12:07:55,I added a video to a @YouTube playlist https://t.co/5I4gmbwxQK Huge Clothing &amp; Accessories haul | Zara Koovs Forever21 Jabong |
2017-08-25 12:07:44,Huge Clothing &amp; Accessories haul | Zara Koovs Forever21 Jabong | Perkymegs: https://t.co/5I4gmbwxQK via @YouTube
2017-08-25 11:49:34,@JabongIndia @va_va33 @ankusaraswat14 @heysristi @misty_basu team Jabong i request you to please confirm my address details üôàüòû
2017-08-25 11:16:51,"https://t.co/SFmI7PcMWm, shortlisted for the Diversity in Media Marketing Campaign of the Year Award‚Ä¶ https://t.co/rmHvoOPmdv"
2017-08-25 11:15:39,"RT @JabongIndia: The best time to shop @PUMA is tomorrow at the #Jabong #BigSportsFest. 
And @DishPatani agrees! Wishlist now: https://t.co‚Ä¶"
2017-08-25 11:00:06,Jabong buy 1 get 3  #Deals #Offers #Saving #India https://t.co/re1BqXqBGi
2017-08-25 10:59:57,"Jabong Big Sports Fest '17 : Get Minimum 40% - 70% Off On Sports Wear. 
Get the Offer : https://t.co/nZcJZJDFE6 https://t.co/kJ6THRagP3"
2017-08-25 10:57:16,Get up to 60% off on Park Avenue at @JabongIndia +Get ‚Çπ235 klippd Cashback frm https://t.co/XyVYELPe8b‚Ä¶ https://t.co/vMuJWh9IAY
2017-08-25 10:19:24,"RT @JabongIndia: .@VidyutJammwal, @MSDhoni &amp; @YUVSTRONG12 are excited for the #Jabong #BigSportsFest from 26-27 Aug!
Wishlist here: https:/‚Ä¶"
2017-08-25 10:13:34,Clothing &amp; Footwear Buy 1 Get 2 Free ‚Äì Jabong https://t.co/ZrxmRuv2po https://t.co/AUXBSbJqed
2017-08-25 09:58:03,"RT @JabongIndia: Get @iHrithik's style for less! üëäüèª
Shop joggers, tees &amp; more by @hrxbrand at 40-70% off.
Shop here: https://t.co/4TZX5EZ0S‚Ä¶"
2017-08-25 09:56:03,Buy 1 Get 3 on Jabong - Jabong https://t.co/GwNfWmO6bI
2017-08-25 09:53:30,"Buy 1 Get 3 at Jabong + Extra 10% ... - OKTricks

https://t.co/CJ6fH5QMHj

#DealOfTheDay #JabongOffer #PhonPeOffer‚Ä¶ https://t.co/8i41ikXfnZ"
2017-08-25 09:52:31,"RT @JabongIndia: .@VidyutJammwal, @MSDhoni &amp; @YUVSTRONG12 are excited for the #Jabong #BigSportsFest from 26-27 Aug!
Wishlist here: https:/‚Ä¶"
2017-08-25 09:42:57,"RT @JabongIndia: .@VidyutJammwal, @MSDhoni &amp; @YUVSTRONG12 are excited for the #Jabong #BigSportsFest from 26-27 Aug!
Wishlist here: https:/‚Ä¶"
2017-08-25 09:29:58,"Explore the #superawesome range of #boots from #knottyderby !
Now available on #Myntra and #jabong !
#stayyoung‚Ä¶ https://t.co/BucN5DYtOz"
2017-08-25 09:25:36,"RT @GhantaVentures: Flipkart management team figuring out how to run Flipkart, Myntra, Snapdeal, Jabong, Ebay, Freecharge, Phonepe,Ekart...‚Ä¶"
2017-08-25 09:09:58,"RT @JabongIndia: .@VidyutJammwal, @MSDhoni &amp; @YUVSTRONG12 are excited for the #Jabong #BigSportsFest from 26-27 Aug!
Wishlist here: https:/‚Ä¶"
2017-08-25 09:04:43,"RT @JabongIndia: .@VidyutJammwal, @MSDhoni &amp; @YUVSTRONG12 are excited for the #Jabong #BigSportsFest from 26-27 Aug!
Wishlist here: https:/‚Ä¶"
2017-08-25 08:52:04,"RT @JabongIndia: .@VidyutJammwal, @MSDhoni &amp; @YUVSTRONG12 are excited for the #Jabong #BigSportsFest from 26-27 Aug!
Wishlist here: https:/‚Ä¶"
2017-08-25 08:50:23,"RT @JabongIndia: .@VidyutJammwal, @MSDhoni &amp; @YUVSTRONG12 are excited for the #Jabong #BigSportsFest from 26-27 Aug!
Wishlist here: https:/‚Ä¶"
2017-08-25 08:46:27,"RT @JabongIndia: .@VidyutJammwal, @MSDhoni &amp; @YUVSTRONG12 are excited for the #Jabong #BigSportsFest from 26-27 Aug!
Wishlist here: https:/‚Ä¶"
2017-08-25 08:46:02,"This #GaneshChaturthi get Extra #cashback on your #shopping
Visit https://t.co/hJOEn1jRKF https://t.co/kTzdsnWvdj"
2017-08-25 08:39:27,"RT @JabongIndia: .@VidyutJammwal, @MSDhoni &amp; @YUVSTRONG12 are excited for the #Jabong #BigSportsFest from 26-27 Aug!
Wishlist here: https:/‚Ä¶"
2017-08-25 08:36:07,"RT @JabongIndia: .@VidyutJammwal, @MSDhoni &amp; @YUVSTRONG12 are excited for the #Jabong #BigSportsFest from 26-27 Aug!
Wishlist here: https:/‚Ä¶"
2017-08-25 08:34:49,"RT @JabongIndia: .@VidyutJammwal, @MSDhoni &amp; @YUVSTRONG12 are excited for the #Jabong #BigSportsFest from 26-27 Aug!
Wishlist here: https:/‚Ä¶"
2017-08-25 08:32:28,"RT @JabongIndia: .@VidyutJammwal, @MSDhoni &amp; @YUVSTRONG12 are excited for the #Jabong #BigSportsFest from 26-27 Aug!
Wishlist here: https:/‚Ä¶"
2017-08-25 08:30:08,"RT @JabongIndia: .@VidyutJammwal, @MSDhoni &amp; @YUVSTRONG12 are excited for the #Jabong #BigSportsFest from 26-27 Aug!
Wishlist here: https:/‚Ä¶"
2017-08-25 08:25:57,"RT @JabongIndia: .@VidyutJammwal, @MSDhoni &amp; @YUVSTRONG12 are excited for the #Jabong #BigSportsFest from 26-27 Aug!
Wishlist here: https:/‚Ä¶"
2017-08-25 08:25:52,"RT @JabongIndia: .@VidyutJammwal, @MSDhoni &amp; @YUVSTRONG12 are excited for the #Jabong #BigSportsFest from 26-27 Aug!
Wishlist here: https:/‚Ä¶"
2017-08-25 08:25:03,"RT @JabongIndia: .@VidyutJammwal, @MSDhoni &amp; @YUVSTRONG12 are excited for the #Jabong #BigSportsFest from 26-27 Aug!
Wishlist here: https:/‚Ä¶"
2017-08-25 08:22:28,"RT @JabongIndia: .@VidyutJammwal, @MSDhoni &amp; @YUVSTRONG12 are excited for the #Jabong #BigSportsFest from 26-27 Aug!
Wishlist here: https:/‚Ä¶"
2017-08-25 08:22:25,"RT @JabongIndia: .@VidyutJammwal, @MSDhoni &amp; @YUVSTRONG12 are excited for the #Jabong #BigSportsFest from 26-27 Aug!
Wishlist here: https:/‚Ä¶"
2017-08-25 08:22:23,"RT @JabongIndia: .@VidyutJammwal, @MSDhoni &amp; @YUVSTRONG12 are excited for the #Jabong #BigSportsFest from 26-27 Aug!
Wishlist here: https:/‚Ä¶"
2017-08-25 08:22:12,"RT @JabongIndia: .@VidyutJammwal, @MSDhoni &amp; @YUVSTRONG12 are excited for the #Jabong #BigSportsFest from 26-27 Aug!
Wishlist here: https:/‚Ä¶"
2017-08-25 08:18:13,"RT @JabongIndia: .@VidyutJammwal, @MSDhoni &amp; @YUVSTRONG12 are excited for the #Jabong #BigSportsFest from 26-27 Aug!
Wishlist here: https:/‚Ä¶"
2017-08-25 08:09:39,Premium Sale ‚Äì Minimum 58% off on Bella Moda Dresses &amp; Skirts for Kid‚Äôs ‚Äì Sale at Jabong ! https://t.co/RAbDqlANZN
2017-08-25 08:09:26,Premium Sale ‚Äì Minimum 58% off on Bella Moda Dresses &amp; Skirts for Kid‚Äôs ‚Äì Sale at Jabong¬†! https://t.co/m2GDe3Ebzp https://t.co/5aNk1uNHd0
2017-08-25 07:57:34,Badsheets Upto 70% + Extra 40% off on¬†Jabong https://t.co/wQYMu2FX7b https://t.co/qdNKj47iqg
2017-08-25 07:40:57,"@ANarayanan24 As a esteemed company, it is the responsibility of jabong to return the product of their customer rat‚Ä¶ https://t.co/M8Ow1HslPa"
2017-08-25 07:39:17,@ANarayanan24 It is worth more than the article that has been purchased. Jabong customer care hasn't helped me at all.
2017-08-25 07:38:26,Fastive Sale ‚Äì Upto 50% off on Men‚Äôs Formal Wear ‚Äì Sale at Jabong ! https://t.co/quiwO1yTld
2017-08-25 07:38:14,Fastive Sale ‚Äì Upto 50% off on Men‚Äôs Formal Wear ‚Äì Sale at Jabong¬†! https://t.co/4Cd7X02oIA https://t.co/eOKOv5Yllx
2017-08-25 07:38:00,@ANarayanan24 Wrong article picked up by  jabong at time of exchange. The article is not returned back and complaint has been closed.
2017-08-25 07:10:23,Get upto 20% off on Women‚Äôs #Skin Care #Jabong #Deals #Offer #Coupons #DealAlerts #DealOfTheDay https://t.co/BQztdyAovJ
2017-08-25 06:43:33,#Jabong End Of Season Sale - Flat Rs 200 OFF On Rs 999 &amp; Rs 500 OFF On Rs 1999 https://t.co/SQVrSrZhsq  Valid till‚Ä¶ https://t.co/N29IvSPQaY
2017-08-25 06:42:07,"@JabongIndia BigSportsFest , India's biggest sports shopping festival starts on 26th August Shop Now -‚Ä¶ https://t.co/6Z9RGkGgCp"
2017-08-25 06:21:07,"@yuvraj_mor Check this out, the tshirts are different but nice 
https://t.co/WvZT57XCci"
2017-08-25 06:00:36,Men &amp; Women Apparels &amp; Accessories under 500 only + 10.5% #Cashback visit now https://t.co/rNHu00aX7L
2017-08-25 05:33:55,Phonepe Cashback Offer- Get 10 % cashback payment on Jabong using Phonepe¬†Wallet https://t.co/uA67dPOCmi https://t.co/wnEWiffSLC
2017-08-25 05:22:19,"RT @JammwalFan: Aww üòç RT from @jabongindia @VidyutJammwal is pumped up for The Jabong Big Sports Fest, from 26th to 27th August! ‚öΩÔ∏è
Start w‚Ä¶"
2017-08-25 05:19:17,Branded Watches @¬†Jabong https://t.co/erVtc0tgg9
2017-08-25 03:44:34,Kenneth Cole Watches for Men - Buy Kenneth Cole Men Watches Online in India | https://t.co/27zUzrPW5k https://t.co/KzNFXmvQJt
2017-08-25 03:25:51,"RT @JammwalFan: Aww üòç RT from @jabongindia @VidyutJammwal is pumped up for The Jabong Big Sports Fest, from 26th to 27th August! ‚öΩÔ∏è
Start w‚Ä¶"
2017-08-25 02:39:19,"RT @JammwalFan: Aww üòç RT from @jabongindia @VidyutJammwal is pumped up for The Jabong Big Sports Fest, from 26th to 27th August! ‚öΩÔ∏è
Start w‚Ä¶"
2017-08-25 02:02:11,"RT @JammwalFan: Aww üòç RT from @jabongindia @VidyutJammwal is pumped up for The Jabong Big Sports Fest, from 26th to 27th August! ‚öΩÔ∏è
Start w‚Ä¶"
2017-08-25 02:01:32,"RT @JabongIndia: This Independence Day, Be Free, #BeYou, unapologetically! üáÆüá≥
#DiljitXJabong, coming soon.
@DiljitDosanjh #Jabong https://t‚Ä¶"
2017-08-25 00:21:08,Jabong Offer Get upto 70% off on Men's Wear https://t.co/rpiHvuORdK https://t.co/LFZkytYoyF
2017-08-24 19:09:49,"RT @JammwalFan: Aww üòç RT from @jabongindia @VidyutJammwal is pumped up for The Jabong Big Sports Fest, from 26th to 27th August! ‚öΩÔ∏è
Start w‚Ä¶"
2017-08-24 19:05:09,"RT @JammwalFan: Aww üòç RT from @jabongindia @VidyutJammwal is pumped up for The Jabong Big Sports Fest, from 26th to 27th August! ‚öΩÔ∏è
Start w‚Ä¶"
2017-08-24 18:39:00,"RT @JammwalFan: Aww üòç RT from @jabongindia @VidyutJammwal is pumped up for The Jabong Big Sports Fest, from 26th to 27th August! ‚öΩÔ∏è
Start w‚Ä¶"
2017-08-24 17:54:28,"RT @JammwalFan: Aww üòç RT from @jabongindia @VidyutJammwal is pumped up for The Jabong Big Sports Fest, from 26th to 27th August! ‚öΩÔ∏è
Start w‚Ä¶"
2017-08-24 17:35:05,Jabong Flat 60% Off ( 12 Midnight to 10 AM ) -- Others -- Rs. -- Fashion &amp; Apparels https://t.co/e7lnUThly7 #Deals #Offers
2017-08-24 17:08:53,"RT @JammwalFan: Aww üòç RT from @jabongindia @VidyutJammwal is pumped up for The Jabong Big Sports Fest, from 26th to 27th August! ‚öΩÔ∏è
Start w‚Ä¶"
2017-08-24 17:01:00,"RT @JammwalFan: Aww üòç RT from @jabongindia @VidyutJammwal is pumped up for The Jabong Big Sports Fest, from 26th to 27th August! ‚öΩÔ∏è
Start w‚Ä¶"
2017-08-24 17:00:55,"Aww üòç RT from @jabongindia @VidyutJammwal is pumped up for The Jabong Big Sports Fest, from 26th to 27th August! ‚öΩÔ∏è‚Ä¶ https://t.co/LXLql84QXj"
2017-08-24 16:47:56,I liked a @YouTube video https://t.co/Vf5IO9Mt9m Jabong New Commercial Ad. Jabong Commercial Ad.
2017-08-24 15:52:20,Jabong India for lexis
2017-08-24 15:51:58,"@JabongIndia cannot able to place an order on jabong since yesterday.
 Showing üëé error on every payment mode.
#nodo‚Ä¶ https://t.co/NcDQpD9ALx"
2017-08-24 15:30:01,"Making a #wardrobe #investment this week?
We'll help you save: https://t.co/mNRfw5mUfb https://t.co/3ZoOwFLx0p"
2017-08-24 14:56:29,"RT @JabongIndia: Get @iHrithik's style for less! üëäüèª
Shop joggers, tees &amp; more by @hrxbrand at 40-70% off.
Shop here: https://t.co/4TZX5EZ0S‚Ä¶"
2017-08-24 13:20:15,"RT @JabongIndia: Get @iHrithik's style for less! üëäüèª
Shop joggers, tees &amp; more by @hrxbrand at 40-70% off.
Shop here: https://t.co/4TZX5EZ0S‚Ä¶"
2017-08-24 13:14:53,"Essentials for #TheSelectedMan
Shop Now at https://t.co/3l5KRyOzFA
#SelectedHomme #FeelSelected https://t.co/ICnQhAl2bL"
2017-08-24 13:04:24,disappointed with @JabongIndia ordered something on 14th &amp; today on 24th they said we are cancelling your order. #unprofessional #jabong
2017-08-24 12:00:05,Get Rs.250 off on Rs.500 &amp; above order  #Deals #Offers #Saving #India https://t.co/phBDjPGWpP
2017-08-24 11:52:04,Rs. 250 Off on Clothing &amp; Accessories Purchase of Rs. 500 - Jabong https://t.co/WYslEU1qa7
2017-08-24 11:22:39,"Get 15% extra off on shirts, t-shirts, etc.

Grab the code at
https://t.co/EWDLENuswy https://t.co/jv9Nm0hQuR"
2017-08-24 11:16:21,RT @baapoffers: Get Global Desi Womens Clothing Upto 50% OFF | Jabong Offer https://t.co/k8tdZ0QRsr #india #offers #deals #mumbai #delhi ht‚Ä¶
2017-08-24 11:15:02,Get Global Desi Womens Clothing Upto 50% OFF | Jabong Offer https://t.co/k8tdZ0QRsr #india #offers #deals #mumbai‚Ä¶ https://t.co/UYyYSc5dYD
2017-08-24 11:13:22,RT @JabongIndia: 2 days to go till #Jabong #BigSportsFest 2017 - India's biggest sports shopping festival that you just can't miss out on!‚Ä¶
2017-08-24 10:52:25,@shreya01764635 @amazonIN Myntra and jabong will never understand the business techniques of Amazon.
2017-08-24 10:33:44,@Aasifniyaz jabong order tracked.. will be updated soon
2017-08-24 10:27:03,RT @JabongIndia: 2 days to go till #Jabong #BigSportsFest 2017 - India's biggest sports shopping festival that you just can't miss out on!‚Ä¶
2017-08-24 10:15:02,Get Puma Fashion and Accessories Minimum 45% OFF | Jabong Offer https://t.co/GV3t7uVsGT #india #offers #deals‚Ä¶ https://t.co/gHRRrrrbtZ
2017-08-24 10:13:58,Exclusive Sale ‚Äì Upto 65% off on All Lifestyle Products ‚Äì Sale at Jabong ! https://t.co/utlclU1LPy
2017-08-24 10:13:43,Exclusive Sale ‚Äì Upto 65% off on All Lifestyle Products ‚Äì Sale at Jabong¬†! https://t.co/YSAfp4ILKd https://t.co/SqhpBP4IBV
2017-08-24 10:04:28,"#TheBigSportsFest: Minimum 40% - 70% OFF On Sportswear - Live On 26th August @JabongIndia 
https://t.co/NAP7AD467M https://t.co/qfR3v4C6Ta"
2017-08-24 09:37:44,Brand Day ‚Äì John Player Men‚Äôs Casual Wear Under Rs.499 ‚Äì Sale at Jabong ! https://t.co/vS5VSTMFCI
2017-08-24 09:37:33,Brand Day ‚Äì John Player Men‚Äôs Casual Wear Under Rs.499 ‚Äì Sale at Jabong¬†! https://t.co/SQKEPvHWeV https://t.co/H0GMtrvnUq
2017-08-24 08:50:03,United Colors Of Benetton Upto 80% Discount Grab this one along with Additional #Cashback via Zingoy visit &gt;&gt; https://t.co/g0Yw9Gqagh
2017-08-24 08:30:29,"Which #fashion portal do you prefer more: @myntra or @JabongIndia : https://t.co/QdXn7IcLr8
#shopping #askopinion https://t.co/AwURtLeh7i"
2017-08-24 07:48:50,# Get upto 50% off on Bags &amp; Watechs https://t.co/qCrtHpZAID
2017-08-24 07:28:23,"@petrillic Jabong, soursop or lychee ... So many options. Peaches are good but others blow my mind"
2017-08-24 07:17:30,"Hurry up End the offer soon!
Shop throuth #RAKBCASH get extra Upto 10% #Cashback
Click here: https://t.co/5BgdBXzJla https://t.co/HNm3RSLuib"
2017-08-24 06:00:02,Get 10 AM- 2 PM Bags and Accessories Flat 40% OFF | Jabong Offer https://t.co/R3mwUV5QUX #india #offers #deals‚Ä¶ https://t.co/TdumVj3nv7
2017-08-24 05:32:23,"Time to score some major deals this weekend at the Jabong Big Sports Fest 2017!
Exclusive product launches..‚Ä¶ https://t.co/1yNn6GdhNh"
2017-08-24 05:23:02,"#trendy #contemporary #boots from #knottyderby !
Shop now on #Myntra and #jabong !
#stayyoung #staynaughty https://t.co/6PNotvCwxX"
2017-08-24 05:20:49,"@askGST_GoI then why are these online retailers charging GST on MRP, shouldn't govt. take action on these online retailers #myntra #jabong"
2017-08-24 05:06:40,"@GATIKWEIndia @JabongIndia Gati awful srvic,culdnt delivr on tim evn aftr numerous requsts;Jabong bettr use othr courir prtnr!
Dckt524500650"
2017-08-24 05:02:04,Register here on Jabong and get Rs.2000 worth of coupons for free!
2017-08-24 01:56:36,Use my referral code ASHPWC2KX and get Jabong voucher Upto Rs. 1000. Download app and sign up from https://t.co/DEnRH6fZoQ
2017-08-24 01:39:26,RT @iHrithik: Jabong just got fitter. Go check it out on https://t.co/bf4mPxF8fy https://t.co/LvcQUo30Vo
2017-08-23 23:20:51,@JabongIndia I couldn't find anything sporty on Jabong after wasting 10 minutes.
2017-08-23 23:14:16,Digital Watches Online - Buy Men Digital Watches Online in India | https://t.co/27zUzrPW5k https://t.co/jZocxGkLnU
2017-08-23 23:00:05,Jabong Jackpot Buy Jeans &amp; Trousers Below Rs.1299 ----- https://t.co/Qe1ptLQvBl https://t.co/BFOww2iZtQ
2017-08-23 22:40:34,RT @S1dharthM: Heading to launch the new era caps exclusively on Jabong live chat in a bit see you  ! #Thisisthecap @Myjabong @neweracap
2017-08-23 20:27:56,"Ranju N Indian Body Transformation Videos Check It Out summon CLOTHING haul |  21, Myntra, Jabong, Pantaloons -‚Ä¶ https://t.co/Fv5yXUHOwN"
2017-08-23 20:22:49,@JabongIndia I was delivered a shoes today from jabong but unfortunately the size is small. I would like to return it for next size.
2017-08-23 19:40:04,"Flat 60% Off on Clothing, Footwear's For Men and Women - Jabong https://t.co/tode95LzIb"
2017-08-23 18:49:59,"Clothing, Footwear, Accessories, Beauty &amp; Home minimum 60% off + 10% Cashback ‚Äì Jabong https://t.co/pZ0lT9VcgP"
2017-08-23 17:22:43,"#Clothing, #Footwear &amp; #Accessories #minimum 50% off + 30% off + 10% #Cashback ‚Äì #Jabong https://t.co/Ze5OVCE2LU"
2017-08-23 17:18:48,"RT @JabongIndia: Get @iHrithik's style for less! üëäüèª
Shop joggers, tees &amp; more by @hrxbrand at 40-70% off.
Shop here: https://t.co/4TZX5EZ0S‚Ä¶"
2017-08-23 17:14:08,"@chemikawale Yes. A lot of people are going back their anyway. Flip kart, jabong and even amazon"
2017-08-23 17:00:07,Ends Today: Take 10% off on Jabong ----- https://t.co/Mv9Rad7uIC https://t.co/YNpO1wDiDc
2017-08-23 16:35:49,"#flipkart bought #myntra #jabong #ebay, the problem with flipkart is they shop more than their customer do.."
2017-08-23 15:17:39,"Don't miss out on some of the best steal deals in the 1299 store on Jabong! 

Claim extra upto 10.5% cashback here:‚Ä¶ https://t.co/D4inQf8fIx"
2017-08-23 14:36:41,"RT @JabongIndia: Score major deals this weekend at #Jabong Big Sports Fest '17 | 26-27 Aug
Exclusive product launches &amp; mad discounts on al‚Ä¶"
2017-08-23 14:17:24,"RT @JabongIndia: Score major deals this weekend at #Jabong Big Sports Fest '17 | 26-27 Aug
Exclusive product launches &amp; mad discounts on al‚Ä¶"
2017-08-23 14:03:03,"RT @JabongIndia: Get @iHrithik's style for less! üëäüèª
Shop joggers, tees &amp; more by @hrxbrand at 40-70% off.
Shop here: https://t.co/4TZX5EZ0S‚Ä¶"
2017-08-23 13:43:22,"Arrive in style.
Shop now at https://t.co/UQO1aEdjzH
#FeelSelected #TheSelectedMan #SelectedHomme https://t.co/HGZt5Askxg"
2017-08-23 13:15:02,Get Aurelia Women Clothing Flat 30% OFF | Jabong Offer https://t.co/spCXjgVMJD #india #offers #deals #mumbai #delhi https://t.co/4ewZ9IV9Ne
2017-08-23 13:11:22,Jabong Minimum 50% off + 30% off + 10% Cashback https://t.co/EHCXIpgcD5
2017-08-23 12:43:44,Get flat 20% of on purchase of 4 also avail maximum caskback of Rs1000/- Visit https://t.co/HlQO2Ojgro #jabong‚Ä¶ https://t.co/dUqTk3Er2p
2017-08-23 11:56:59,"#Jabong #CouponCodes - UpTo 80% OFF #Womens #Mini #Skirts #Fashion #Style #Dresses #Lifestyle #JabongCoupons #Sales
https://t.co/NplxkkJnsM"
2017-08-23 11:06:54,Grand Sale ‚Äì Upto 65% off on Kid‚Äôs Clothing ‚Äì Sale at Jabong ! https://t.co/UJVJXSyuQD
2017-08-23 11:06:43,Grand Sale ‚Äì Upto 65% off on Kid‚Äôs Clothing ‚Äì Sale at Jabong¬†! https://t.co/l79eEwnjah https://t.co/3ePULSh9ij
2017-08-23 10:23:36,RT @archanayudhir: Beware of Jabong.They promise refunds &amp; fail to pick up product to process refunds.Even after escalation no resolution f‚Ä¶
2017-08-23 10:23:34,New Arrivals ‚Äì Upto 60% off on Ethnic Wear for All ‚Äì Sale at Jabong ! https://t.co/GpbBWuJtBD
2017-08-23 10:23:17,New Arrivals ‚Äì Upto 60% off on Ethnic Wear for All ‚Äì Sale at Jabong¬†! https://t.co/XO8weqvKO5 https://t.co/SJ3bjhAU6e
2017-08-23 10:19:56,Beware of Jabong.They promise refunds &amp; fail to pick up product to process refunds.Even after escalation no resolution for a week #jabong
2017-08-23 08:38:51,@JabongIndia jabong is not real not true...dont buy from jabong or u all regret later ..
2017-08-23 08:38:10,@JabongIndia dont buy from jabong they are cheaters they are not refunding my amoun...my order id 170829460103619
2017-08-23 08:07:16,@PhonePeSupport (2/2) i rcvd rfund of 694 frm jabong n phonepe crdtd 329 2 my wallet n rest 2 accnt. Why d wallet money did used on jabng??
2017-08-23 08:04:02,@PhonePeSupport phonepe stooped vry low des days.paid 283 frm wallet n 1273 frm bnk through it on jabong. Now when i cancle one d item (1/2)
2017-08-23 06:20:30,#jabong The Real Deal Min 40 to 80% Off + Up to 12% #cashback from us @InOffersMonkey https://t.co/8LgGyOsbkG https://t.co/275JTTxCKm
2017-08-23 06:00:07,Smashing offer on Jabong Shorts &amp; Capris ----- https://t.co/HCo9y6RXjv https://t.co/PM38E6I7xh
2017-08-23 05:55:05,Wishfull Wednesday #jabongdiaries #jabong #designteam #creative https://t.co/Hre5rXrMJu
2017-08-23 05:55:03,Fashion Under 299 Store from top brands from #Jabong along with Additional #Cashback via Zingoy visit &gt;&gt; https://t.co/1g6rxNwm7c
2017-08-23 04:00:06,Ends Today: Take 30% off on Jabong ----- https://t.co/b6U641D8hX https://t.co/v4o8QuMMXU
2017-08-23 03:57:30,Make Jabong Great Again #Trump2016
2017-08-23 02:00:07,Jabong Tops Below Rs.995 ----- https://t.co/Q3dWXPwO55 https://t.co/7xtgYt6eEN
2017-08-23 01:02:56,"Freshly dipped fruits just out of the kitchen! üççüçç üççChocolate dipped mango, pineapple and jabong‚Ä¶ https://t.co/7mVCrUbXtP"
2017-08-22 21:17:40,RT @harsh_patdiya: Got an email from your side that register for e-banking and avail 25%off on Jabong what is offer actually???@rblbank
2017-08-22 20:00:07,Jabong Jackpot Buy T-Shirts &amp; Polos Below Rs.349 ----- https://t.co/0TUJAoJMxs https://t.co/dCxR2fYpsI
2017-08-22 16:33:42,Jabong Cashback Offers: Get 250 Rs Cashback On Purchase Of 250 Or¬†More https://t.co/yXUXXfG1D8 https://t.co/CzCZeyXHjb
2017-08-22 15:26:11,RT @agrawalneha21: #TMC#I LOVE JABONG#ADHM#LOVE RUNNING https://t.co/MuoILB3KTs
2017-08-22 14:20:00,@JabongIndia Reason of shopping from Jabong is Good Return n Exchange policy but this time extremely disappointed due to larger size.
2017-08-22 14:17:09,Jabong Offer Get upto 30% off on Watches https://t.co/q2rqDbCNLD https://t.co/pbEes9mW9A
2017-08-22 14:16:10,RT @Gautam114503611: @JabongIndia It will not make any difference Jabong is least bother
2017-08-22 14:07:22,@JabongIndia Unable to understand worst behave. of Jabong with valued customers üò°.All website exchanges garments incase of size issue 2/2
2017-08-22 14:00:23,@JabongIndia Very pathetic services from jabongüò°.Made a complain regarding size of order no170808369677607 via email but no reply(1/2)
2017-08-22 13:39:09,#Jabong #Tuesday Night Rush - Upto 80% Off + Extra 20% Off Till 9pm and Extra 15% off Till 12 #Midnight + Extra 1 https://t.co/qQ6ttu6RBa
2017-08-22 13:31:40,Jabong Tuesday Night Rush ‚Äì Extra 20% Off on¬†Clothing https://t.co/g2QFfGPYAE https://t.co/Sm0eoOCbhH
2017-08-22 13:18:40,"Make a style statement with this #Junarose top! 
Shop the collection at: https://t.co/ItV2ShN9Q3
#PlusSizeFashion https://t.co/MpWJNxiplt"
2017-08-22 12:57:37,"RT @klippdin: Get up to 60% off on FILA brand at @JabongIndia + Get ‚Çπ235 Klippd cashback frm https://t.co/XyVYELPe8b
#TheSocialFoodie #Trip‚Ä¶"
2017-08-22 12:52:38,Get up to 60% off on FILA brand at @JabongIndia + Get ‚Çπ235 Klippd cashback frm https://t.co/XyVYELPe8b‚Ä¶ https://t.co/tQeynusfYu
2017-08-22 12:47:30,"RT @jabongtest03: Hi, Use my Jabong referral code JABTDE3FL to signup on Jabong app and get voucher code worth 200 free. Download app from‚Ä¶"
2017-08-22 11:39:05,"#Myntra and #Jabong adding too much of Gst and delivery charges, that's why @amazonIN is the best."
2017-08-22 11:33:45,Enjoy this Exclusive Sale with #Jabong! Get upto 40% - 60% Off on + 10% #Cashback extra shop via #RAKBCASH‚Ä¶ https://t.co/cjvLtYrhZm
2017-08-22 11:29:08,Kenneth Cole Watches for Men - Buy Kenneth Cole Men Watches Online in India | https://t.co/LSnogwrINV https://t.co/bwFGtpuDT7
2017-08-22 09:21:49,@JabongIndia It will not make any difference Jabong is least bother
2017-08-22 09:15:02,Get Best Watches Upto 40% OFF | Jabong Offer https://t.co/TV9032WfPX #india #offers #deals #mumbai #delhi https://t.co/FEPhzW0YPR
2017-08-22 08:55:32,"@JabongIndia I spoke to you escalation department, They were not helpful, I wonder why I choose Jabong"
2017-08-22 08:47:00,Hey jabong guys . whats the mechanism for grievances addressal. neither your e-mail works nor have proper contact no
2017-08-22 08:42:30,"RT @JabongIndia: Get @iHrithik's style for less! üëäüèª
Shop joggers, tees &amp; more by @hrxbrand at 40-70% off.
Shop here: https://t.co/4TZX5EZ0S‚Ä¶"
2017-08-22 08:36:45,A bad experience from Jabong
2017-08-22 08:35:08,dont wish to buy products from jabong after bad experience
2017-08-22 08:34:36,whats the procedure for grievances to return products to jabong
2017-08-22 08:29:17,shocked to see damaged products from jabong. ordered ladies sandal.
2017-08-22 07:52:24,Fastive Sale ‚Äì Women‚Äôs Exclusive Ethnic Wear Under Rs.999 ‚Äì Sale at Jabong ! https://t.co/iWME1F5OHB
2017-08-22 07:52:10,Fastive Sale ‚Äì Women‚Äôs Exclusive Ethnic Wear Under Rs.999 ‚Äì Sale at Jabong¬†! https://t.co/WO9BjsoQg5 https://t.co/qeYhZC7cSB
2017-08-22 07:24:32,Premium Sale ‚Äì Kid‚Äôs Tops &amp; T shirts Under Rs.499 ‚Äì Sale at Jabong ! https://t.co/SG3Um3tKXs
2017-08-22 07:21:36,#jabong Poor commitment and service.Looks like vendors operating this big E commerce Giant. Failed on commitments.c‚Ä¶ https://t.co/nTGQPyHZpe
2017-08-22 07:20:38,Premium Sale ‚Äì Kid‚Äôs Tops &amp; T shirts Under Rs.499 ‚Äì Sale at Jabong¬†! https://t.co/b6Gmwvcsnv https://t.co/O38ysXgcQd
2017-08-22 07:16:28,RT @Zubairnazir1007: @JabongIndia Not a single call received yet. U guys are fraud &amp; cheat. #Amazon is the best. Will nvr purchase anything‚Ä¶
2017-08-22 07:16:11,@JabongIndia Not a single call received yet. U guys are fraud &amp; cheat. #Amazon is the best. Will nvr purchase anyth‚Ä¶ https://t.co/qP6d9sfF0A
2017-08-22 07:03:18,"@JabongIndia Pathetic response, will return the item and never choose jabong for any of my future requirements. God bless"
2017-08-22 06:57:35,Brand Day ‚Äì Minimum 50% off on Fila Men‚Äôs Clothing &amp; Footwear ‚Äì Sale at Jabong ! https://t.co/sdr426eVlo
2017-08-22 06:57:22,Brand Day ‚Äì Minimum 50% off on Fila Men‚Äôs Clothing &amp; Footwear ‚Äì Sale at Jabong¬†! https://t.co/WcRqjIIeaX https://t.co/R0hyVGM8yi
2017-08-22 06:38:46,"RT @JabongIndia: Get @iHrithik's style for less! üëäüèª
Shop joggers, tees &amp; more by @hrxbrand at 40-70% off.
Shop here: https://t.co/4TZX5EZ0S‚Ä¶"
2017-08-22 06:18:24,"Candyskin Lingerie Now Available on https://t.co/Bf5EIzneBh
Follow the link https://t.co/vVfKzd0PPX
#BeDelicious‚Ä¶ https://t.co/GskvZJCGsh"
2017-08-22 06:12:28,#Jabong Fila Brand Day Minimum 40%  - 60% Off https://t.co/I7mtEfH74G https://t.co/sXTlIbPKxQ
2017-08-22 05:31:29,"RT @nonawalia: @ANarayanan24, Ceo of #myntra &amp; #jabong on his work life balance and what motivates him https://t.co/Toev8xW2Kr"
2017-08-22 05:28:47,RT @JabongIndia: RT &amp; like if you're cute! üíã¬†(But also vertically challenged) üôÜüèºüòî #CuteButShortButCute #Jabong https://t.co/g1KDKcBC6J
2017-08-22 05:22:02,RT @JabongIndia: RT &amp; like if you're cute! üíã¬†(But also vertically challenged) üôÜüèºüòî #CuteButShortButCute #Jabong https://t.co/g1KDKcBC6J
2017-08-22 05:20:10,@JabongIndia Vertically challenged üòÇüòÇüëåüëå #CuteButShortButCute #Jabong
2017-08-22 05:17:18,"@JabongIndia Vertically Challenged ..... üòÇüòÇüòÇ  (Most  innovative  Medical Term heard so far üëå )    

#CuteButShortButCute #Jabong"
2017-08-22 05:16:25,RT @JabongIndia: RT &amp; like if you're cute! üíã¬†(But also vertically challenged) üôÜüèºüòî #CuteButShortButCute #Jabong https://t.co/g1KDKcBC6J
2017-08-22 05:15:05,RT @JabongIndia: RT &amp; like if you're cute! üíã¬†(But also vertically challenged) üôÜüèºüòî #CuteButShortButCute #Jabong https://t.co/g1KDKcBC6J
2017-08-22 05:09:00,#Jabong - Get Upto 75% Off + Extra 15% Off on #Formal Wears https://t.co/RrCGynfhTu
2017-08-22 05:06:57,#Jabong - FILA #Fashion and #Accessories FLAT 50% Off https://t.co/qbbhhRAmlh
2017-08-22 03:01:47,RT @Cashkarocom: Claim exclusive 100% #Cashback offer via CashKaro! Get Rs250 Cashback on orders over Rs250 at #Jabong. Shop now at https:/‚Ä¶
2017-08-22 03:00:16,Claim exclusive 100% #Cashback offer via CashKaro! Get Rs250 Cashback on orders over Rs250 at #Jabong. Shop now at‚Ä¶ https://t.co/xtSU5L9dg9
2017-08-22 03:00:08,Smashing offer on Jabong Suit Sets ----- https://t.co/ac6mBQ0QFw https://t.co/EVLiXvuGSE
2017-08-22 01:06:17,"I recently tried @Cashkarocom &amp; recommend it! Get EXTRA #Cashback on top of free #Coupons at Jabong, Amazon  https://t.co/2t2JHM524j"
2017-08-21 23:00:09,Great Deals on Jabong Kurtas &amp; Kurtis ----- https://t.co/TKR5N0iXF2 https://t.co/9dSr8dObf3
2017-08-21 22:00:33,(Over)(Live till 6 PM) Jabong ‚Äì Get flat Rs.250 off a minimum purchase of¬†Rs.500 https://t.co/JiOGNlAhYz https://t.co/ooQBgc09cA
2017-08-21 22:00:28,(Over)(Live till 6 PM) Jabong ‚Äì Get flat Rs.250 off a minimum purchase of Rs.500 - https://t.co/mGhK5zaNTr https://t.co/ohLBqntroO
2017-08-21 21:44:02,"RT @JabongIndia: Get @iHrithik's style for less! üëäüèª
Shop joggers, tees &amp; more by @hrxbrand at 40-70% off.
Shop here: https://t.co/4TZX5EZ0S‚Ä¶"
2017-08-21 21:20:05,Kenneth Cole Watches for Men - Buy Kenneth Cole Men Watches Online in India | https://t.co/27zUzrPW5k https://t.co/KzNFXmvQJt
2017-08-21 20:50:23,Kenneth Cole Watches for Men - Buy Kenneth Cole Men Watches Online in India | https://t.co/LSnogwrINV https://t.co/bwFGtpuDT7
2017-08-21 18:56:03,RT @anubhutitiwari: Top 5 Websites https://t.co/XSSS3ZlWCJ #amazon #bbloggers #couponsanddeals #couponzguru #coupounzgurucom #denims #flipk‚Ä¶
2017-08-21 18:55:12,Top 5 Websites https://t.co/XSSS3ZlWCJ #amazon #bbloggers #couponsanddeals #couponzguru #coupounzgurucom #denims #flipkart #jabong #myntra
2017-08-21 18:31:31,"I recently tried @Cashkarocom &amp; recommend it! Get EXTRA #Cashback on top of free #Coupons at Jabong, Amazon  https://t.co/iLoTAQzQzB"
2017-08-21 15:56:56,"RT @TrivediApurv: @JabongIndia @lhakme Ha ha ha #nojabong, customer harrassment is priority for Jabong.
I m such an example"
2017-08-21 15:44:05,Rs. 250 Off on Jabong Purchase of Rs. 500 - Jabong https://t.co/dT4qZ4oKg1
2017-08-21 14:31:31,"RT @JabongIndia: Get @iHrithik's style for less! üëäüèª
Shop joggers, tees &amp; more by @hrxbrand at 40-70% off.
Shop here: https://t.co/4TZX5EZ0S‚Ä¶"
2017-08-21 14:20:04,"Black can never go wrong.
Shop Now: https://t.co/INARw1mtKV
#FeelSelected #TheSelectedMan #SelectedHomme https://t.co/bdxvYLGDEt"
2017-08-21 14:00:08,Jabong Jackpot Buy Suit Sets Below Rs.3699 ----- https://t.co/tgrd134TTF https://t.co/9o8lrkMPNx
2017-08-21 13:24:44,Get Flat Rs.500 Off on Purchase Of Rs.1999 ‚Äì¬†Jabong https://t.co/Seoe8oyYci https://t.co/BfOkOPdCU2
2017-08-21 13:24:04,Diesel Rig DZ1751 Grey/Black Analog Watch worth Rs. 12295 for Rs. 6363 - Jabong https://t.co/Q4aIKjLPF0
2017-08-21 13:16:04,Fossil Abilene Ch3099 Brown/Brown Chronograph Watch worth Rs. 11295 for Rs. 7793 - Jabong https://t.co/x8HMjZwHcp
2017-08-21 13:12:04,Michael Kors Jetmaster Mk8462 Silver/Black Chronograph Watch worth Rs. 21995 for Rs. 11382 - Jabong https://t.co/BhWKE9st9d
2017-08-21 12:18:57,"Get 15% extra off on shirts, t-shirts, etc.

Grab the code at
https://t.co/EWDLENuswy https://t.co/KnXtzPFXuO"
2017-08-21 11:55:48,(Live till 6 PM) Jabong ‚Äì Get flat Rs.250 off a minimum purchase of¬†Rs.500 https://t.co/Kb98zz8SSR https://t.co/BDo2ucyM94
2017-08-21 11:53:57,Jabong Rs. 250 Off On Rs. 500 + 10% Cashback @Jabong https://t.co/Iu6IogsDpH
2017-08-21 11:48:04,Get Rs. 250 Off On Purchase Of Rs. 500 + 10% Cashback @Jabong https://t.co/w9UG2Nl3Ys
2017-08-21 11:19:43,"@JabongIndia 
The worst quality product you can have from https://t.co/lXVQhJQVb1 
Be real,ü§îü§îü§î..but  site is all about fake and shit product"
2017-08-21 11:12:50,"@JabongIndia 
Not a trusted e-commerce site....Jabong provided me with worst quality product in brand trust Lee Coo‚Ä¶ https://t.co/2umzuuIsY1"
2017-08-21 11:03:35,(Live till 6 PM) Jabong ‚Äì Get flat Rs.250 off a minimum purchase of Rs.500 https://t.co/pAlZlDhnpt
2017-08-21 11:01:38,(Live till 6 PM) Jabong ‚Äì Get flat Rs.250 off a minimum purchase of Rs.500 https://t.co/dCfSSnzqck https://t.co/9aU32THCJE
2017-08-21 10:59:59,"Jabong, country's one of the top fashion and e-commerce portal wide huge collections in every category is... https://t.co/veeKFeCbDg"
2017-08-21 10:40:27,Brand Sale ‚Äì Upto 60% off on Mast &amp; Harbour Clothing &amp; Footwear ‚Äì Sale at Jabong ! https://t.co/hE2vFM4Tb9
2017-08-21 10:39:54,Brand Sale ‚Äì Upto 60% off on Mast &amp; Harbour Clothing &amp; Footwear ‚Äì Sale at Jabong¬†! https://t.co/mzS0CvrpZj https://t.co/CKKwL7aYCf
2017-08-21 10:11:57,Premium Sale ‚Äì Upto 60% off on Kid‚Äôs Clothing of All Brands ‚Äì Sale at Jabong ! https://t.co/Q2N6Erg48f
2017-08-21 10:11:49,Premium Sale ‚Äì Upto 60% off on Kid‚Äôs Clothing of All Brands ‚Äì Sale at Jabong¬†! https://t.co/FdxoeykYII https://t.co/trQ8KCHWGZ
2017-08-21 09:42:35,"@JabongIndia Jabong is so careless about solving customer issues, that it forgot to even edit the Name of the copie‚Ä¶ https://t.co/lXJsjjPZ1d"
2017-08-21 09:25:59,"RT @JabongIndia: Get @iHrithik's style at FLAT 50% OFF only for today! üòé
Shop denim jeans, sneakers &amp; more by #HRX here: https://t.co/XLddR‚Ä¶"
2017-08-21 09:12:25,"'Win people over, and trust your gut': Ananth Narayanan, CEO, Myntra and Jabong https://t.co/e7fNsxPmFG"
2017-08-21 08:35:20,"A lightweight wollen-blend shrug is want you need for the crisp cold morning &amp; evenings.
Available at‚Ä¶ https://t.co/chr5tLGWto"
2017-08-21 08:16:33,"Retweeted Hrithik Roshan (@iHrithik):

Jabong just got fitter. Go check it out on https://t.co/V081KvJUbO... https://t.co/Icu2GTCM4T"
2017-08-21 08:16:27,Big Fashion Sale ‚Äì Upto 55% off on Dorothy Perkins Clothing &amp; Accessories ‚Äì Sale at Jabong ! https://t.co/rFCRsd4Pyw
2017-08-21 08:16:27,RT @iHrithik: Jabong just got fitter. Go check it out on https://t.co/bf4mPxF8fy https://t.co/LvcQUo30Vo
2017-08-21 08:16:05,Big Fashion Sale ‚Äì Upto 55% off on Dorothy Perkins Clothing &amp; Accessories ‚Äì Sale at Jabong¬†! https://t.co/Pt4UMIhjr8 https://t.co/tjLRWH5Jwp
2017-08-21 08:13:30,Get up to 40% off on branded watches at @JabongIndia + Get ‚Çπ235 Klippd cashback frm https://t.co/XyVYELPe8b‚Ä¶ https://t.co/rvywhvwYc6
2017-08-21 08:12:59,"RT @JabongIndia: Get @iHrithik's style for less! üëäüèª
Shop joggers, tees &amp; more by @hrxbrand at 40-70% off.
Shop here: https://t.co/4TZX5EZ0S‚Ä¶"
2017-08-21 07:27:21,Monday are for online shopping! Get an extra 15% off when you use the code CASUAL15. Only till midnight. Shop here:‚Ä¶ https://t.co/7MIGjggT35
2017-08-21 06:40:54,Use my referral code SANTCP7GB and get Jabong voucher Upto Rs. 1000. Download app and sign up from https://t.co/DJAGMk8sJv
2017-08-21 06:19:18,#Jabong The midnight rush Extra 15% Off On Dresses &amp; Formals + Up to 12% #Cashback from us @InOffersMonkey‚Ä¶ https://t.co/AhQ5TkTluQ
2017-08-21 06:18:35,@SaleslaOfficial congratulates all the sellers onboard!! Cheers to a better future of your sales online. #Amazon #flipkart #myntra #jabong
2017-08-21 06:10:19,#Jabong Calvin Klein Jeans Brand Day upto 50% Off https://t.co/FcchAfs5th https://t.co/EfxRUZQolQ
2017-08-21 05:42:20,#CRDeal The best beauty buys at UP TO 30% OFF | Shop Now @JabongIndia| https://t.co/VPKdpURHEH #LOreal #Lakme‚Ä¶ https://t.co/Zkn0KaL9xx
2017-08-21 05:28:09,#Jabong - Mast and #Harbour #Fashion and #Accessories Upto 70% off #Starting From #Rs.200 https://t.co/THTdivbh7H
2017-08-21 05:27:19,#Jabong - Get #Sports Wear Upto 60% + Extra 10% Off https://t.co/F16mknGmWa
2017-08-21 05:01:59,@JabongIndia received a call from Jabong Risk and Beagle team. Mr. Ashutosh Natekar was on the other line and talks like as owns the company
2017-08-21 02:05:06,Jabong Offer Get upto 60% off on Carlton London https://t.co/n7YwNo1Fkh https://t.co/tQJLji8RHu
2017-08-21 00:00:08,T-Shirts &amp; Polos at Lowest price at Jabong ----- https://t.co/GHBHZK7jD4 https://t.co/Q2TN99oCAX
2017-08-20 21:03:59,I am not a product of my circumstances. I am a product of my decisions ‚ÄìStephen Covey üì¶üì¨üì© #jabong #work https://t.co/4AdtIFFqsG
2017-08-20 21:00:08,Upto 30% Off on Jabong Clothing Accessories &amp; Innerwear ----- https://t.co/lHy0pEFd24 https://t.co/NNydijNE6i
2017-08-20 18:52:24,Jabong India for housecraft
2017-08-20 16:00:08,Jabong Sale - Upto 10% Off on Jabong Products ----- https://t.co/JXsDSVCbAF https://t.co/vTnqKstbqE
2017-08-20 15:24:04,Guess W15072L2 Two Tone/White Analog Watch worth Rs. 13900 for Rs. 7473 - Jabong https://t.co/yGGxIPBvc4
2017-08-20 15:20:04,U.S. Polo Assn. Black Solid Skinny Fit Jeans worth Rs. 2399 for Rs. 1319 - Jabong https://t.co/KUnfPjRll0
