2017-08-29 12:31:31,"RT @mykoovs: #LastChance to win your golden ticket to meet @iamsrk &amp; @AnushkaSharma üò± #Participate now!
T&amp;C: https://t.co/qNrBGh7gxb 
#JHMS‚Ä¶"
2017-08-29 09:38:35,I liked a @YouTube video https://t.co/z77tXije3d Huge Clothing &amp; Accessories haul | Zara Koovs Forever21 Jabong | Perkymegs
2017-08-29 07:20:50,RT @mykoovs: Take it over the edge with THE #trend to rock this season: Grunge Checks for life! #Shop the line-up at #KOOVS: https://t.co/C‚Ä¶
2017-08-29 06:09:19,"Feeling playful? Snag this KOOVS collection #backpack for an exceptional style score üêº
Shop it here:‚Ä¶ https://t.co/vuPaRKRnz7"
2017-08-28 22:19:33,"RT @mykoovs: How to pull off #JHMSXKOOVS #LikeABoss! üíØ Take tips from blogger @Kangkanrabha 
Shop here: https://t.co/pKfsNi82Kp
#JabHarryMe‚Ä¶"
2017-08-28 15:25:01,#Koovs Design in London up to 10% #Cashback from us @InOffersMonkey https://t.co/dmhPSY8fQy https://t.co/4lMUcXMWtw
2017-08-28 13:40:02,"#HotDeal üî•
Koovs - Any 2 Items ‚Çπ799. Grab the offer now &gt;&gt; https://t.co/RKeVl1FqZC https://t.co/ScEOhL8I5L"
2017-08-28 11:41:26,Best Selling Unisex Footwear @¬†Koovs https://t.co/ls4KVH5gI8
2017-08-28 11:20:04,Buy Two Men's Footwear For Rs.799 - Koovs https://t.co/aT8RV5CSgn
2017-08-28 11:15:58,Koovs Steal ‚Äì Buy any 2 products at Rs 799 only https://t.co/3ZOFHFzpnp
2017-08-28 11:15:42,Koovs Steal ‚Äì Buy any 2 products at Rs 799 only... https://t.co/Z14zaEVWse
2017-08-28 09:53:47,"Find a huge collection of dresses at #koovs.
https://t.co/GINGAkol3W
#Coupontopay #Deals #Savings #Fashion https://t.co/715cSN0yhN"
2017-08-28 09:53:12,@Koovs Big Bang Sale : Buy Any 2 Clothing/Footwear at Just Rs. 799 + FREE Shipping @ https://t.co/17YOu7K191‚Ä¶ https://t.co/YQ1ijPWe25
2017-08-28 09:47:45,RT @mykoovs: What did you guys think of the #GameOfThrones season finale? ‚ùÑÔ∏èüí• #Watchlist #GoT #GoTSeasonFinale #KOOVS https://t.co/8oQtvaeo‚Ä¶
2017-08-28 07:27:49,"@mykoovs @jagograhakjago Thank you so much for resolving the matter koovs, @jagograhakjago please do take notice. T‚Ä¶ https://t.co/TAgJDGKyRp"
2017-08-28 05:42:47,"RT @mykoovs: Here's to starting your #Monday without any blues ‚ú® Get 2 Items for Rs. 799 - today only! Code: 2FORU
https://t.co/Xkvf2NlZ4I‚Ä¶"
2017-08-28 03:23:41,I liked a @YouTube video https://t.co/ROpkcmhXS2 KOOVS TV: AUGUST TRENDS
2017-08-27 17:00:40,"@RedChilliesEnt 
Awaiting for the Results üòç
Gave My Bestest EVER 
Wish To Win koovs voucher
#JHMSWithFriends https://t.co/DuK1y6rdBq"
2017-08-26 15:29:59,"#insta Beauty is in you ‚ù§Ô∏è 
#black #pink #blue #hot #fashionblogger #boldlips #koovs #green #fashionable‚Ä¶ https://t.co/eR7UxIQYkj"
2017-08-26 14:45:06,Women Tops Upto 70% Off from popular brands at #Koovs along with #Cashback on your shopping via Zingoy visit &gt;&gt;‚Ä¶ https://t.co/fDDJ8ax8gK
2017-08-26 09:26:03,"RT @mykoovs: #Saturday POA = Chilling with the coolest sneaks on üòé  Get this #Griffin pair at #KOOVS: https://t.co/v4fEY3ZN4A
#KOOVSMAN htt‚Ä¶"
2017-08-26 05:27:16,"Did someone say FREE shipping?
#steal this cute Koovs jumpsuit from @the.styledrug 's #closet for just ‚Çπ900/-
https://t.co/B4xxReofuh"
2017-08-25 19:02:23,RT @vivekk: Koovs increases its average cart value by of 25% after implementing #webpush. Do #Shopify users need more reasons? https://t.co‚Ä¶
2017-08-25 19:00:12,Koovs increases its average cart value by of 25% after implementing #webpush. Do #Shopify users need more reasons? https://t.co/L33xMkyeB0
2017-08-25 19:00:10,Koovs increases its average cart value by of 25% after implementing #webpush. Do #Shopify users need more reasons? https://t.co/m0MfoAVvWu
2017-08-25 12:07:55,I added a video to a @YouTube playlist https://t.co/5I4gmbwxQK Huge Clothing &amp; Accessories haul | Zara Koovs Forever21 Jabong |
2017-08-25 12:07:44,Huge Clothing &amp; Accessories haul | Zara Koovs Forever21 Jabong | Perkymegs: https://t.co/5I4gmbwxQK via @YouTube
2017-08-25 09:39:19,New supper cool shoes üòç @mykoovs you guys have some amazing stuff ‚ù§Ô∏è#shoes #balck #white #sexy #cool #koovs https://t.co/jrwo4i7JRK
2017-08-24 18:20:27,#Luxury Koovs Collaborates with Brazilian Designer Daniella Helayel https://t.co/UOmMzzfxkg https://t.co/yXyYGc3mHm
2017-08-24 18:20:07,#Luxury Koovs Collaborates with Brazilian Designer Daniella Helayel https://t.co/3L6IaJoyPO https://t.co/2aIUl1B6so
2017-08-24 14:03:24,@Twitahisharam I've seen her somewhere. Is she the one from that koovs ad?
2017-08-24 13:56:43,#Koovs Up to 30% Off on first purchase + Up to 10% #Cashback from us @InOffersMonkey https://t.co/oKPtSJoPDj https://t.co/s9Yazfq86b
2017-08-24 13:56:24,Anyone who likes $ytra For the indian opportunity check Koovs . Top management and stronger moat than otas.
2017-08-24 11:37:01,"RT @mykoovs: #SocialSpecial: The first 1000 at #KOOVS get 20% OFF sale lines üéâ Unlock code:
Gals- https://t.co/njRlFJge4T
Guys- https://t.c‚Ä¶"
2017-08-24 10:43:20,"Hey, Guys, I did a little shopping at Koovs here is what I got! Do check it out. https://t.co/q0Tbdrbk2P"
2017-08-24 05:46:12,"RT @mykoovs: #SocialSpecial: The first 1000 at #KOOVS get 20% OFF sale lines üéâ Unlock code:
Gals- https://t.co/njRlFJge4T
Guys- https://t.c‚Ä¶"
2017-08-24 05:40:04,Co-Branded Association Between Koovs and Jab Harry Met Sejal: https://t.co/7612nbjPw8 via @YouTube
2017-08-24 05:25:44,Get the best offers on footwears on @mykoovs + Get up to ‚Çπ210 klippd cashback frm https://t.co/mnKvrq96Vd‚Ä¶ https://t.co/FQ3qxDMKtM
2017-08-24 05:21:04,"@aaliznat @BookLuster Thankyou love ‚ô•Ô∏è‚ô•Ô∏è you can check technicolourjewellery on Instagram. 
Ajio and koovs also hav‚Ä¶ https://t.co/VcpOUHd1mY"
2017-08-23 18:47:02,@paisawapas My cashback of Rs719(Koovs)still not confirmed even approval date(31st Jul).Moreover u aren't replying‚Ä¶ https://t.co/qtzjDmKizQ
2017-08-23 17:17:52,"Good Night üåô
You can shop Sejal's wardrobe from https://t.co/uHLcwiQpK0 @mykoovs #koovsxyou #jhmsxkoovs‚Ä¶ https://t.co/XDrTt3w2mt"
2017-08-23 14:10:14,@SRKFC1 @iamsrk @mayer_doi GREAT ACTOR KING OF ACT CREATIVITY ROMANCE LEGENDS KING SRK #JHMS#KOOVS #INDIANS ON TRAV‚Ä¶ https://t.co/VbBWbw3JW0
2017-08-23 09:24:40,"It always seems impossible until it‚Äôs done.
üì∏@simplerohan 
#clothes #mylook #fashionista #todayimwearing‚Ä¶ https://t.co/LxG8KJSKDb"
2017-08-23 08:45:04,Upto 70% Off on Men's Sunglasses at #Koovs along with Rs.271 #Cashback via Zingoy visit now https://t.co/h5wfEgDJEp
2017-08-23 06:09:47,RT @CuteMadhu16: Eeeeeeeeee Happy Meüòç after receiving the #JabHarryMetSajal special Koovs scarf and the Sling bag üôà#koovs ‚ù§Ô∏è‚ù§Ô∏è‚ù§Ô∏è‚ù§Ô∏è @iamsrk‚Ä¶
2017-08-23 05:24:04,"RT @mykoovs: Achieve super strength in style! Get the @ASICSTigerUSA #GelKayano trainers at #KOOVS: https://t.co/A8QbzwRDNE
#KOOVSMAN https‚Ä¶"
2017-08-23 03:40:51,RT @luxurylifeluxx: #Luxury Koovs Collaborates with Brazilian Designer Daniella Helayel https://t.co/Xx426BYFd2 https://t.co/2CWwqqphHX
2017-08-23 03:40:06,#Luxury Koovs Collaborates with Brazilian Designer Daniella Helayel https://t.co/Xx426BYFd2 https://t.co/2CWwqqphHX
2017-08-23 03:40:04,#Luxury Koovs Collaborates with Brazilian Designer Daniella Helayel https://t.co/8lyPMMuBmd https://t.co/AGDw2Rzsxh
2017-08-23 03:20:27,#Luxury Koovs Collaborates with Brazilian Designer Daniella Helayel https://t.co/JUtSZEHBu4 https://t.co/wqbFdlctUJ
2017-08-22 16:53:08,I WANT THESE SHOES SO BAD: https://t.co/CauFLuMq3K
2017-08-22 08:36:58,"RT @mykoovs: Minty fresh #Tuesday ft. @ayushmannk üåû Get this #KOOVS bomber jacket to get on the street style wagon, stat: https://t.co/KbMy‚Ä¶"
2017-08-22 07:28:34,"RT @mykoovs: Minty fresh #Tuesday ft. @ayushmannk üåû Get this #KOOVS bomber jacket to get on the street style wagon, stat: https://t.co/KbMy‚Ä¶"
2017-08-22 07:28:23,"RT @mykoovs: Minty fresh #Tuesday ft. @ayushmannk üåû Get this #KOOVS bomber jacket to get on the street style wagon, stat: https://t.co/KbMy‚Ä¶"
2017-08-22 07:19:29,"RT @mykoovs: Minty fresh #Tuesday ft. @ayushmannk üåû Get this #KOOVS bomber jacket to get on the street style wagon, stat: https://t.co/KbMy‚Ä¶"
2017-08-22 06:04:18,Koovs Site wide Offer: Flat 30% OFF On Variou